"iso3","iso2","admin1_id","admin2_id","iu_id","site_id","longitude","latitude","georeliability","location_type","survey_type","year","age_start","age_end","hk_examined","hk_positive","asc_examined","asc_positive","tt_examined","tt_positive","quality","sn","hk_prevalence","asc_prevalence","tt_prevalence","sth_prevalence","shortest","id","src","dst","identifier","improved_sewer","unpiped_sewer","surface_sewer","piped_sewer","unimproved_sewer","improved_water","unpiped_water","surface_water","piped_water","unimproved_water"
"GMB","GM",4915,47651,47651,16867,-13.8876548,13.4125447,3,NA,NA,2015,NA,NA,49,1,49,2,49,0,1,5998,0.0204081632653061,0.0408163265306122,0,0.0569731165473505,1151.25542129913,0,0,0,1,NA,NA,NA,NA,NA,88.8001080697188,19.1019716939275,0.126333371692312,69.6981350835725,11.0735590305161
"GMB","GM",4916,47662,47662,16899,-16.65094667,13.312075,3,NA,NA,2015,NA,NA,49,1,49,1,49,0,1,6101,0.0204081632653061,0.0204081632653061,0,0.0381130503799517,1282.24967849775,1,1,1,2,NA,NA,NA,NA,NA,100,0,0,100,0
"GMB","GM",4912,47633,47633,16821,-16.70612167,13.44792833,3,NA,NA,2015,NA,NA,49,0,49,1,49,0,1,5811,0,0.0204081632653061,0,0.0192529842125529,483.893127430939,2,2,2,3,NA,NA,NA,NA,NA,99.8166247316748,8.85900122490772,0.00199406262263314,90.957624461676,0.181380998224714
"GMB","GM",4912,47633,47633,16822,-16.66231667,13.44337833,3,NA,NA,2015,NA,NA,52,0,52,0,52,0,1,5829,0,0,0,0,205.519396845461,3,3,3,4,NA,NA,NA,NA,NA,100,4.54475836393566,6.08865587504327e-17,95.4552418491923,5.44838534532197e-15
"GMB","GM",4916,47662,47662,16900,-16.631725,13.287365,3,NA,NA,2015,NA,NA,50,0,50,0,50,0,1,6104,0,0,0,0,506.916248835019,4,4,4,5,NA,NA,NA,NA,NA,99.9461520504066,0.0775375056958571,0.000213725280942223,99.8686139526107,0.0536349335885899
"GMB","GM",4916,47664,47664,16942,-16.72693167,13.39610333,3,NA,NA,2015,NA,NA,50,0,50,0,50,0,1,6145,0,0,0,0,734.608254951144,8,8,8,7,NA,NA,NA,NA,NA,89.039471933831,23.6924428862196,0.221483915407679,65.3470238507744,10.7390484918083
"GMB","GM",4912,47633,47633,16825,-16.66584,13.45881667,3,NA,NA,2015,NA,NA,50,0,50,0,50,0,1,5816,0,0,0,0,455.168918043733,9,9,9,8,NA,NA,NA,NA,NA,100,16.4596267492504,2.20789540344765e-16,83.5403741884863,1.97519709545124e-14
"GMB","GM",4912,47633,47633,16826,-16.68366667,13.45572333,3,NA,NA,2015,NA,NA,49,0,49,1,49,0,1,5855,0,0.0204081632653061,0,0.0192529842125529,367.650744622812,10,10,10,9,NA,NA,NA,NA,NA,100,13.9960678725957,1.8894865125842e-16,86.0039336429521,1.68809527065787e-14
"GMB","GM",4912,47633,47633,16827,-16.70727333,13.44385167,3,NA,NA,2015,NA,NA,50,0,50,0,50,0,1,5841,0,0,0,0,483.893127430939,12,12,12,11,NA,NA,NA,NA,NA,99.8813938843323,5.42874612938886,0.00128974874435715,94.452648336623,0.117316232727767
"GMB","GM",4916,47664,47664,16943,-16.76670833,13.38535333,3,NA,NA,2015,NA,NA,50,0,50,1,50,1,1,6159,0,0.02,0.02,0.0373584905660377,98.0958352832971,15,15,15,13,NA,NA,NA,NA,NA,82.3090995564923,22.9213186106973,0.455565550154849,59.3877836337327,17.2353337607828
"GMB","GM",4916,47664,47664,52576,-16.6984026,13.4314429,1,NA,NA,2010,NA,NA,50,0,50,1,50,0,1,6138,0,0.02,0,0.0188679245283019,1013.81524811655,22,22,22,17,NA,NA,NA,NA,NA,99.2422522307411,12.0989953870872,0.00085256857849542,87.1432557928675,0.756896722392764
"GMB","GM",4916,47667,47667,16722,-16.5790323,13.4548761,1,NA,NA,2015,NA,NA,0,0,0,0,0,0,1,6059,NA,NA,NA,NA,607.061625978822,25,25,25,19,NA,NA,NA,NA,NA,95.2154461734145,11.5545720156984,0.0951827130833491,83.6608720870908,4.6893721838181
"GMB","GM",4914,47645,47645,16972,-16.5451491,13.4865118,1,NA,NA,2015,NA,NA,0,0,0,0,0,0,1,5943,NA,NA,NA,NA,622.321525821322,28,28,28,21,NA,NA,NA,NA,NA,NA,30.4889120319761,0.286363281332884,81.5888042813296,20.003221494176
"GMB","GM",4913,47635,47635,16783,-14.1161056,13.4886943,1,NA,NA,2015,NA,NA,0,0,0,0,0,0,1,5868,NA,NA,NA,NA,217.21879415246,29,29,29,22,NA,NA,NA,NA,NA,80.8911414089375,20.95346912545,2.2104931309617,59.9376720667187,16.8983652795726
"GMB","GM",4913,47635,47635,16784,-15.26569667,13.48819667,3,NA,NA,2015,NA,NA,50,0,50,1,50,0,1,5867,0,0.02,0,0.0188679245283019,7352.86314821181,30,30,30,23,NA,NA,NA,NA,NA,80.3287068012355,32.4008886958035,0.479138764064165,47.9278202566659,19.1921523786828
"GMB","GM",4915,47654,47654,17077,-14.11727,13.48717167,3,NA,NA,2015,NA,NA,49,0,49,0,49,0,1,6032,0,0,0,0,217.21879415246,31,31,31,24,NA,NA,NA,NA,NA,80.8462868915426,20.9549728904523,2.22115826429565,59.8913136018141,16.9325547524763
"GMB","GM",4916,47664,47664,16944,-16.73420833,13.39795833,3,NA,NA,2015,NA,NA,50,0,50,3,50,0,1,6155,0,0.06,0,0.0566037735849057,300.378368324038,35,35,35,26,NA,NA,NA,NA,NA,NA,18.9840003960354,0.262038526547849,NA,11.5712805501616
"GMB","GM",4915,47655,47655,52594,-14.029701,13.420695,3,NA,NA,2005,NA,NA,30,0,30,0,30,0,2,6054,0,0,0,0,2566.62205452751,36,36,36,27,NA,NA,NA,NA,NA,67.6727979545021,9.55692505482218,0.00325856135333122,58.1158734309914,32.3239446402606
"GMB","GM",4913,47637,47637,16873,-15.7681278,13.4065482,1,NA,NA,2015,NA,NA,0,0,0,0,0,0,1,5878,NA,NA,NA,NA,1743.36151272439,48,48,48,34,NA,NA,NA,NA,NA,95.0415135319214,7.61576033278452,0.341341252075113,87.4257504139826,4.617145233947
"GMB","GM",4913,47637,47637,16874,-15.78135167,13.39838667,3,NA,NA,2015,NA,NA,48,1,48,1,48,0,1,5880,0.0208333333333333,0.0208333333333333,0,0.038898715932914,1743.36151272439,49,49,49,35,NA,NA,NA,NA,NA,95.1462091971433,7.51970804340591,0.192107941531841,87.6264981244344,4.66168400796347
"GMB","GM",4912,47633,47633,52562,-16.685136,13.4197727,1,NA,NA,2010,NA,NA,54,1,54,0,54,0,1,5857,0.0185185185185185,0,0,0.0174703004891684,0,50,50,51,36,NA,NA,NA,NA,NA,99.561378038461,42.2028110343927,0.000330018467472432,57.3585667176181,0.438292596767815
"GMB","GM",4912,47633,47633,16828,-16.685136,13.4197727,1,NA,NA,2015,NA,NA,0,0,0,0,0,0,1,5851,NA,NA,NA,NA,0,51,51,50,36,NA,NA,NA,NA,NA,99.5840583804218,42.1251498876261,0.0051397037905606,57.4589098912088,0.410800658284911
"GMB","GM",4916,47661,47661,16750,-16.05173667,13.18167333,3,NA,NA,2015,NA,NA,0,0,0,0,0,0,1,6094,NA,NA,NA,NA,42.3513901050156,54,54,54,38,8.15864293345185,6.69795337082554,4.35779057220437,1.46068966154704,1.46322560088623,81.1001443423404,22.7835397664043,0.668727172345471,58.3166058459555,18.2311265532738
"GMB","GM",4916,47661,47661,16751,-16.0515269,13.1813643,1,NA,NA,2015,NA,NA,50,0,50,0,50,0,1,6086,0,0,0,0,42.3513901050156,55,55,55,39,8.59128956529318,7.05398073240836,4.58833160495611,1.53730893634685,1.54170995718578,80.8870495551416,22.7413231976232,0.663300550744186,58.1457276411543,18.4496479710628
"GMB","GM",4916,47667,47667,16723,-16.58434167,13.45608667,3,NA,NA,2015,NA,NA,50,0,50,30,50,4,1,6058,0,0.6,0.08,0.596226415094339,607.061625978822,56,56,56,40,NA,NA,NA,NA,NA,95.2151693470634,12.4332020526042,0.0897617026167028,82.7819651880188,4.69507003166373
"GMB","GM",4912,47633,47633,16831,-16.67106167,13.42623167,3,NA,NA,2015,NA,NA,50,0,50,1,50,0,1,5836,0,0.02,0,0.0188679245283019,571.03484200457,57,57,57,41,NA,NA,NA,NA,NA,98.154869395659,25.1944667607465,0.0227997508298929,72.9604032055619,1.82233008072813
"GMB","GM",4915,47652,47652,52584,-14.331977,13.347914,1,NA,NA,2010,NA,NA,50,0,50,0,50,0,1,6005,0,0,0,0,494.605101833688,64,64,64,45,NA,NA,NA,NA,NA,76.8930209375411,27.1257591972338,0.0211921295397746,49.767261331143,23.0857872751103
"GMB","GM",4915,47652,47652,52585,-14.332483,13.343619,3,NA,NA,2005,NA,NA,30,0,30,0,30,0,2,6007,0,0,0,0,494.605101833688,65,65,65,46,NA,NA,NA,NA,NA,76.9318939425889,27.4291440394074,0.00451993407547868,49.5027518943372,23.0635859606098
"GMB","GM",4912,47633,47633,16832,-16.68929667,13.43129167,3,NA,NA,2015,NA,NA,98,0,98,0,98,0,1,5848,0,0,0,0,753.549687470711,66,66,66,47,NA,NA,NA,NA,NA,99.924502214122,14.3752435652278,0.00152460596867456,85.5492591082979,0.0739727873158913
"GMB","GM",4916,47664,47664,16947,-16.67305167,13.40195,3,NA,NA,2015,NA,NA,49,1,49,0,49,0,1,6152,0.0204081632653061,0,0,0.0192529842125529,328.128231062892,67,67,67,48,NA,NA,NA,NA,NA,94.8834374578625,80.1989879401613,0.0632239081919618,14.6844514601733,5.05333618383245
"GMB","GM",4912,47633,47633,16833,-16.67987667,13.46126167,3,NA,NA,2015,NA,NA,49,0,49,0,49,0,1,5814,0,0,0,0,642.987646030397,68,68,68,49,NA,NA,NA,NA,NA,100,18.2701141091241,2.46312886768385e-16,81.7298876690814,2.20121927302165e-14
"GMB","GM",4915,47652,47652,52586,-14.273346,13.406569,3,NA,NA,2005,NA,NA,30,0,30,1,30,0,2,6006,0,0.0333333333333333,0,0.0314465408805031,3696.70404757076,72,72,72,52,NA,NA,NA,NA,NA,82.6261549710875,34.8082467957798,0.00797372208451759,47.8179091285645,17.3658727269861
"GMB","GM",4911,47623,47623,16762,-14.61191,13.361416,1,NA,NA,2015,NA,NA,0,0,0,0,0,0,1,5744,NA,NA,NA,NA,1079.6121576305,73,73,73,53,NA,NA,NA,NA,NA,81.5349686730051,18.5716595814636,0.53193568053987,62.9633081113232,17.9330929791248
"GMB","GM",4911,47623,47623,16763,-14.6088,13.37035333,3,NA,NA,2015,NA,NA,50,0,50,0,50,0,1,5741,0,0,0,0,1079.6121576305,74,74,74,54,NA,NA,NA,NA,NA,81.9512856492537,17.977133714381,0.569914630561703,63.9741508511067,17.4787966999928
"GMB","GM",4915,47652,47652,17042,-14.46402,13.503285,3,NA,NA,2015,NA,NA,48,0,48,0,48,0,1,6011,0,0,0,0,3921.81998872903,77,77,77,56,25.7988605499268,21.7884159088135,14.7385206222534,4.01044321060181,9.46261882781982,67.126758497257,18.2141079194499,1.19086452586423,48.9126522068343,31.6823781880502
"GMB","GM",4915,47652,47652,52587,-14.40639,13.3835,1,NA,NA,2005,NA,NA,30,0,30,0,30,0,2,6009,0,0,0,0,3949.49096756916,82,82,82,59,NA,NA,NA,NA,NA,81.3948540951757,33.2169181570349,0.0130255939307352,48.1779356961308,18.5921213341042
"GMB","GM",4911,47631,47631,17027,-14.6391064,13.4745096,1,NA,NA,2015,NA,NA,0,0,0,0,0,0,1,5791,NA,NA,NA,NA,276.856384238185,83,83,83,60,NA,NA,NA,NA,NA,99.3928564463373,0.545735260606353,0.031058961655676,98.8471214488161,0.576084571966236
"GMB","GM",4911,47631,47631,52583,-14.640618,13.472589,3,NA,NA,2010,NA,NA,52,1,52,0,52,0,1,5788,0.0192307692307692,0,0,0.0181422351233672,276.856384238185,84,84,84,61,NA,NA,NA,NA,NA,98.8988523813432,1.23367139223222,0.00427846072214592,97.6651807162445,1.09686962213476
"GMB","GM",4911,47631,47631,17028,-14.63910833,13.469155,3,NA,NA,2015,NA,NA,49,0,49,1,49,0,1,5792,0,0.0204081632653061,0,0.0192529842125529,427.503143993365,85,85,85,62,NA,NA,NA,NA,NA,98.6945065436888,1.17342034935448,0.0667843250004656,97.5210867601286,1.2387090882123
"GMB","GM",4913,47635,47635,16785,-15.29746667,13.38078,3,NA,NA,2015,NA,NA,50,0,50,1,50,0,1,5865,0,0.02,0,0.0188679245283019,9459.50042058675,86,86,86,63,22.1378694048445,20.5202135039251,8.85472822591973,1.61765470326006,5.13103622431692,55.4510869134954,3.0910392417701,0.627676847684378,52.3600483534649,43.9212374840871
"GMB","GM",4916,47664,47664,16948,-16.76182833,13.38840333,3,NA,NA,2015,NA,NA,50,0,50,0,50,0,1,6134,0,0,0,0,645.689451193818,89,89,89,65,NA,NA,NA,NA,NA,83.1829534991274,22.483432924858,0.443521401602018,60.6995220018866,16.3735249167532
"GMB","GM",4914,47645,47645,16975,-16.5171626,13.4786086,1,NA,NA,2015,NA,NA,0,0,0,0,0,0,1,5944,NA,NA,NA,NA,1470.15487451402,90,90,90,66,NA,NA,NA,NA,NA,NA,31.3063822435266,0.280391437522239,95.3860796036116,21.6921590593738
"GMB","GM",4914,47645,47645,16976,-16.52984333,13.48219667,3,NA,NA,2015,NA,NA,50,0,50,1,50,0,1,5939,0,0.02,0,0.0188679245283019,1394.84361990536,91,91,91,67,NA,NA,NA,NA,NA,NA,31.7428254530108,0.272265732207049,88.9050419254245,21.8034794245458
"GMB","GM",4912,47633,47633,16834,-16.6910322,13.4696557,1,NA,NA,2015,NA,NA,0,0,0,0,0,0,1,5854,NA,NA,NA,NA,1151.12807569164,92,92,92,68,NA,NA,NA,NA,NA,99.8924567694915,25.17041997397,0.00116944852069108,74.7220397396306,0.106373660309257
"GMB","GM",4912,47633,47633,16835,-16.6661,13.414939,1,NA,NA,2015,NA,NA,0,0,0,0,0,0,1,5846,NA,NA,NA,NA,297.37039757604,93,93,93,69,NA,NA,NA,NA,NA,95.1896237195437,49.3316156530967,0.0594404285798676,45.8580089844599,4.75093432322167
"GMB","GM",4916,47662,47662,16905,-16.661741,13.3159871,1,NA,NA,2015,NA,NA,0,0,0,0,0,0,1,6095,NA,NA,NA,NA,1282.24967849775,95,95,95,71,NA,NA,NA,NA,NA,98.6049053654581,3.77900175369703,0.0356667734796647,94.825903611761,1.35942778396223
"GMB","GM",4915,47651,47651,16868,-13.8897501,13.4026933,1,NA,NA,2015,NA,NA,0,0,0,0,0,0,1,6002,NA,NA,NA,NA,0,98,98,99,73,NA,NA,NA,NA,NA,88.6973842830873,17.5936584916815,0.151473307305566,71.1037241524012,11.1511439293247
"GMB","GM",4915,47651,47651,52565,-13.8897501,13.4026933,1,NA,NA,2005,NA,NA,31,0,31,0,31,0,2,5999,0,0,0,0,0,99,99,98,73,NA,NA,NA,NA,NA,82.9396993460897,31.7396366943842,0.00318258182725005,51.2000625335053,17.0571186759615
"GMB","GM",4911,47623,47623,52558,-14.782556,13.438355,3,NA,NA,2010,NA,NA,51,0,51,0,51,0,1,5731,0,0,0,0,513.650552714135,106,106,106,77,NA,NA,NA,NA,NA,84.2984105943252,31.0423457594646,0.00967227000732069,53.2560653614898,15.6919152195049
"GMB","GM",4912,47633,47633,16836,-16.67444,13.4401962,1,NA,NA,2015,NA,NA,0,0,0,0,0,0,1,5823,NA,NA,NA,NA,577.446981537744,107,107,107,78,NA,NA,NA,NA,NA,100,2.07772045161687,2.79566351581478e-17,97.9222797180442,2.49941037540199e-15
"GMB","GM",4911,47623,47623,16764,-14.778348,13.4401962,1,NA,NA,2015,NA,NA,50,0,50,0,50,0,1,5734,0,0,0,0,513.650552714135,108,108,108,79,NA,NA,NA,NA,NA,89.1521293314294,24.3079986793731,0.112544914881301,64.8441254948464,10.7353280337374
"GMB","GM",4915,47648,47648,52551,-14.311352,13.237221,3,NA,NA,2005,NA,NA,31,0,31,0,31,0,2,5980,0,0,0,0,423.574276644871,111,111,111,81,55.8136021676478,51.517907830127,14.6295076415373,4.29569294569268,10.2221370475468,47.1666384153636,37.5720309832351,0.127483443863924,9.59460854447481,52.7058780054712
"GMB","GM",4912,47633,47633,16838,-16.67189667,13.46096833,3,NA,NA,2015,NA,NA,50,1,50,0,50,0,1,5821,0.02,0,0,0.0188679245283019,262.788927603944,114,114,114,82,NA,NA,NA,NA,NA,100,18.0879624617742,2.43159404325019e-16,81.912038882951,2.1743343211331e-14
"GMB","GM",4912,47633,47633,16839,-16.67557167,13.45669833,3,NA,NA,2015,NA,NA,50,0,50,1,50,0,1,5827,0,0.02,0,0.0188679245283019,92.7366418062537,115,115,115,83,NA,NA,NA,NA,NA,100,14.7808193880141,1.98963190427926e-16,85.2191818671013,1.77864249345029e-14
"GMB","GM",4916,47664,47664,16949,-16.76776167,13.38631833,3,NA,NA,2015,NA,NA,50,0,50,5,50,0,1,6129,0,0.1,0,0.0943396226415094,133.939594661516,116,116,116,84,NA,NA,NA,NA,NA,82.1110704781222,23.010353981277,0.470644133643666,59.1007192143942,17.418284233109
"GMB","GM",4916,47664,47664,16950,-16.76958667,13.38389,3,NA,NA,2015,NA,NA,50,0,50,2,50,1,1,6153,0,0.04,0.02,0.0558490566037736,225.087352390069,117,117,117,85,NA,NA,NA,NA,NA,81.7594649028738,23.1768293470267,0.464086912505382,58.5826389094821,17.7764465321932
"GMB","GM",4911,47623,47623,16765,-15.207362,13.730301,1,NA,NA,2015,NA,NA,0,0,0,0,0,0,1,5735,NA,NA,NA,NA,8727.78324379458,120,120,120,87,1.49936782157313,1.26960127974667,0.57131262978752,0.229766588830895,0.656117945362959,81.1656119689733,16.9032641080842,0.693699046468244,64.262349327546,18.1406915491268
"GMB","GM",4911,47623,47623,16766,-14.73116,13.37859333,3,NA,NA,2015,NA,NA,48,2,48,2,48,0,1,5743,0.0416666666666667,0.0416666666666667,0,0.0769785115303983,8791.64386409244,121,121,121,88,51.162955676266,44.1869889361617,24.1252310897566,6.97596627907429,16.0834546920759,50.7396730701521,15.2880063534528,0.469575786583655,35.4516699484212,48.7907476767998
"GMB","GM",4914,47646,47646,17057,-15.74612,13.5762536,1,NA,NA,2015,NA,NA,0,0,0,0,0,0,1,5956,NA,NA,NA,NA,221.385168596275,122,122,122,89,24.2920449141186,24.2918545143014,5.74844259721743,0.000188596866590821,2.97253796388904,67.2295569975156,19.2205343599004,0.397109819655194,48.0090209142572,32.3733344074878
"GMB","GM",4914,47646,47646,17058,-15.74570333,13.57436333,3,NA,NA,2015,NA,NA,50,0,50,0,50,0,1,5968,0,0,0,0,221.385168596275,123,123,123,90,20.8519108460962,20.8517499242155,5.02988286967876,0.000159358879075981,2.59458344843743,69.5437324534944,19.8116479588833,0.402211526327692,49.732082563878,30.0540573831979
"GMB","GM",4916,47657,47657,52556,-16.292433,13.269622,3,NA,NA,2010,NA,NA,50,7,50,0,50,0,1,6069,0.14,0,0,0.132075471698113,3620.97620912467,124,124,124,91,NA,NA,NA,NA,NA,80.0334697594741,24.5197136562168,0.0370448499513957,55.5137543450771,19.9294875263311
"GMB","GM",4911,47631,47631,17032,-14.7695962,13.5336211,1,NA,NA,2015,NA,NA,50,0,50,0,50,0,1,5796,0,0,0,0,5431.90160572944,128,128,128,93,NA,NA,NA,NA,NA,99.6581602633547,11.2408915498551,0.0192687896606439,88.4172676180603,0.322571741865448
"GMB","GM",4916,47657,47657,16729,-16.2312539,13.1715653,1,NA,NA,2015,NA,NA,50,0,50,0,50,0,1,6068,0,0,0,0,3989.79298779286,129,129,129,94,22.2950990807216,18.2051694107437,12.2060064270463,4.08992938799536,3.73782626374682,60.404994593718,20.2338164151384,0.578303936888784,40.171176297027,39.0167002511435
"GMB","GM",4913,47634,47634,16781,-15.41695333,13.42582833,3,NA,NA,2015,NA,NA,0,0,0,0,0,0,1,5862,NA,NA,NA,NA,0,131,131,131,96,NA,NA,NA,NA,NA,87.6957780107962,11.0597853285089,0.252569371619515,76.6359901340302,12.0516551780009
"GMB","GM",4915,47654,47654,17094,-14.19176667,13.47772667,3,NA,NA,2015,NA,NA,0,0,0,0,0,0,1,6026,NA,NA,NA,NA,0,133,133,133,97,NA,NA,NA,NA,NA,85.2972214052939,22.4741040714916,0.441690298713835,62.8231171886109,14.2610872287832
"GMB","GM",4911,47627,47627,16991,-15.1916922,13.6218577,1,NA,NA,2015,NA,NA,0,0,0,0,0,0,1,5757,NA,NA,NA,NA,0,136,136,136,99,NA,NA,NA,NA,NA,84.7205737069661,28.9474367721491,0.0759248762409375,55.7731402798344,15.203498857826
"GMB","GM",4911,47631,47631,17033,-14.7827242,13.5793082,1,NA,NA,2015,NA,NA,0,0,0,0,0,0,1,5802,NA,NA,NA,NA,0,139,139,139,100,NA,NA,NA,NA,NA,87.0229471913908,27.700391758049,0.527898272494628,59.3225530382705,12.4491561569611
"GMB","GM",4913,47639,47639,16887,-15.8268282,13.2739715,1,NA,NA,2015,NA,NA,50,0,50,9,50,0,1,5891,0,0.18,0,0.169811320754717,0,141,141,141,101,NA,NA,NA,NA,NA,75.443002768963,10.4472204171049,0.978724326758742,64.995783159458,23.5782736491655
"GMB","GM",4911,47628,47628,17002,-15.2553203,13.610159,1,NA,NA,2015,NA,NA,0,0,0,0,0,0,1,5767,NA,NA,NA,NA,0,143,143,143,102,NA,NA,NA,NA,NA,95.1928421129881,33.0781892159868,0.022991343078979,62.1146526097954,4.7841678739059
"GMB","GM",4916,47663,47663,16918,-16.5731392,13.1872459,1,NA,NA,2015,NA,NA,0,0,0,0,0,0,1,6126,NA,NA,NA,NA,0,145,145,145,103,0.546758602220439,0.502003118189162,0.02828362795956,0.0447554776274487,0.0304485091633181,80.8596543393376,17.0276689228461,0.321491877167761,63.8319923004204,18.8188494595408
"GMB","GM",4911,47624,47624,16986,-15.383333,13.75,1,NA,NA,2015,NA,NA,0,0,0,0,0,0,1,5750,NA,NA,NA,NA,0,147,147,147,104,24.9545726776123,19.9091033935547,11.096209526062,5.04546928405762,13.94921875,71.2948818924101,12.8315144626192,0.197727326733093,58.4633692074942,28.507391535778
"GMB","GM",4911,47629,47629,17007,-14.89157333,13.77997167,3,NA,NA,2015,NA,NA,50,0,50,0,50,0,1,5777,0,0,0,0,0,150,150,150,106,3.93755331542628,3.88530927058897,17.2978856336041,0.0522440902198476,0.70097295181849,64.8312167984491,18.5917343940386,0.230556255367819,46.239483762899,34.9382259087245
"GMB","GM",4916,47661,47661,16752,-15.995655,13.26651667,3,NA,NA,2015,NA,NA,0,0,0,0,0,0,1,6085,NA,NA,NA,NA,0,152,152,152,107,NA,NA,NA,NA,NA,82.1589006272744,20.7795515017935,0.731676687971376,61.3793464223934,17.1094241511211
"GMB","GM",4913,47639,47639,52572,-16.095821,13.399342,3,NA,NA,2010,NA,NA,50,2,50,0,50,0,1,5906,0.04,0,0,0.0377358490566038,0,154,154,154,108,NA,NA,NA,NA,NA,68.1668942629481,14.192537186064,0.0160333553415655,53.9743585021451,31.8170717261115
"GMB","GM",4913,47639,47639,16890,-16.096895,13.40004833,3,NA,NA,2015,NA,NA,50,0,50,0,50,0,1,5904,0,0,0,0,144.316265896324,156,156,156,109,NA,NA,NA,NA,NA,74.8418689080089,10.9497653434576,0.212046484437172,63.8921051094056,24.9460823643825
"GMB","GM",4914,47647,47647,52593,-16.2558918,13.4183703,1,NA,NA,2010,NA,NA,50,0,50,0,50,0,1,5975,0,0,0,0,10177.9836398254,157,157,157,110,NA,NA,NA,NA,NA,78.2648240849152,26.8939361602207,0.02553010236538,51.3708850431295,21.7096482407588
"GMB","GM",4916,47663,47663,16920,-16.4612009,13.2002015,1,NA,NA,2015,NA,NA,0,0,0,0,0,0,1,6123,NA,NA,NA,NA,0,158,158,158,111,NA,NA,NA,NA,NA,79.1114805776302,42.0611287143132,0.259248788469732,37.0503537307378,20.6292721887075
"GMB","GM",4916,47663,47663,16921,-16.4612009,13.2002015,1,NA,NA,2015,NA,NA,50,1,50,0,50,0,1,6121,0.02,0,0,0.0188679245283019,0,159,159,157,110,NA,NA,NA,NA,NA,79.1114805776302,42.0611287143132,0.259248788469732,37.0503537307378,20.6292721887075
"GMB","GM",4916,47660,47660,16748,-15.81423,13.16949833,3,NA,NA,2015,NA,NA,0,0,0,0,0,0,1,6082,NA,NA,NA,NA,0,161,161,161,113,48.7305792520009,41.6015708081106,30.3393799737824,7.12900861948593,14.129701046913,43.4378082564267,15.9563150563407,0.145975126763477,27.4814934540743,56.416217758529
"GMB","GM",4916,47657,47657,16735,-16.3117979,13.2441831,1,NA,NA,2015,NA,NA,0,0,0,0,0,0,1,6061,NA,NA,NA,NA,0,163,163,163,114,NA,NA,NA,NA,NA,82.6274743678936,16.6207918823579,0.351028987698296,66.0066764555905,17.0214995637478
"GMB","GM",4916,47661,47661,16754,-16.0427102,13.2294462,1,NA,NA,2015,NA,NA,0,0,0,0,0,0,1,6091,NA,NA,NA,NA,0,165,165,165,115,NA,NA,NA,NA,NA,91.4486716713154,14.1689217113043,0.403444522653565,77.2797482784882,8.14788530546624
"GMB","GM",4912,47633,47633,16841,-16.6733441,13.4540922,1,NA,NA,2015,NA,NA,0,0,0,0,0,0,1,5810,NA,NA,NA,NA,121.995029960293,167,167,167,116,NA,NA,NA,NA,NA,100,12.7831079000317,1.71934654416684e-16,87.2168931035002,1.53727537999167e-14
"GMB","GM",4912,47633,47633,16842,-16.6696578,13.4602404,1,NA,NA,2015,NA,NA,0,0,0,0,0,0,1,5812,NA,NA,NA,NA,262.788927603944,168,168,168,117,NA,NA,NA,NA,NA,100,17.5387542930726,2.35587072532041e-16,82.4612468980679,2.10697512433996e-14
"GMB","GM",4916,47657,47657,16736,-16.271725,13.229515,3,NA,NA,2015,NA,NA,0,0,0,0,0,0,1,6070,NA,NA,NA,NA,0,170,170,170,119,NA,NA,NA,NA,NA,75.0681551580256,17.7669315860346,0.505809596234782,57.3012215008493,24.4260350878226
"GMB","GM",4916,47661,47661,16757,-16.10054333,13.18383833,3,NA,NA,2015,NA,NA,0,0,0,0,0,0,1,6089,NA,NA,NA,NA,0,172,172,172,120,5.12971707884399,4.16025616690481,2.65689689147244,0.969460919198723,0.99704514287948,76.493002275222,22.8318194928458,0.580747866681762,53.6611764262315,22.9262533915419
"GMB","GM",4916,47662,47662,16906,-16.69092,13.24885167,3,NA,NA,2015,NA,NA,0,0,0,0,0,0,1,6107,NA,NA,NA,NA,0,174,174,174,121,NA,NA,NA,NA,NA,92.365135072211,9.62583543138312,0.0706336758125776,82.7393008127508,7.56422984439363
"GMB","GM",4914,47643,47643,16797,-15.5192291,13.5461508,1,NA,NA,2015,NA,NA,49,0,49,0,49,0,1,5910,0,0,0,0,0,176,176,176,122,NA,NA,NA,NA,NA,85.7599915983337,20.2402789468789,0.348078268877208,65.5197107726942,13.8919312389889
"GMB","GM",4914,47646,47646,17060,-15.7541892,13.507686,1,NA,NA,2015,NA,NA,50,0,50,0,50,0,1,5971,0,0,0,0,7692.93099216149,178,178,178,123,NA,NA,NA,NA,NA,82.9476467739739,22.0245874676849,0.617472183788921,60.9230593062889,16.4348820807966
"GMB","GM",4911,47629,47629,52582,-14.874342,13.584397,3,NA,NA,2010,NA,NA,52,0,52,0,52,0,1,5773,0,0,0,0,9984.62024217844,179,179,179,124,NA,NA,NA,NA,NA,72.3970532352852,23.6509948787989,0.0390715674107431,48.7460592273053,27.5638746757858
"GMB","GM",4916,47662,47662,16908,-16.62777351,13.28956758,3,NA,NA,2015,NA,NA,0,0,0,0,0,0,1,6096,NA,NA,NA,NA,494.989280299021,180,180,180,125,NA,NA,NA,NA,NA,99.9218724977926,0.11249846453112,0.000310092073786777,99.8093731741889,0.0778184392158924
"GMB","GM",4911,47623,47623,16767,-14.592715,13.44960167,3,NA,NA,2015,NA,NA,0,0,0,0,0,0,1,5736,NA,NA,NA,NA,0,183,183,183,128,NA,NA,NA,NA,NA,93.6372681286983,7.52537887000263,0.285331292692085,86.1118868206672,6.07740046992307
"GMB","GM",4914,47644,47644,16964,-16.045649,13.5792309,1,NA,NA,2015,NA,NA,0,0,0,0,0,0,1,5927,NA,NA,NA,NA,0,186,186,186,129,20.9918676776554,20.9123887574407,13.8888193699895,0.0794775577243906,5.27785776183397,88.5883349764746,6.46051217774311,0.0173003145271428,82.1278240211121,11.3943638818899
"GMB","GM",4914,47647,47647,17076,-16.33797,13.45755,3,NA,NA,2015,NA,NA,0,0,0,0,0,0,1,5974,NA,NA,NA,NA,0,188,188,188,130,NA,NA,NA,NA,NA,88.2387186260756,16.0327258958131,0.350702014414627,72.2059910379598,11.4105789363784
"GMB","GM",4914,47643,47643,16798,-16.20468333,13.53550667,3,NA,NA,2015,NA,NA,0,0,0,0,0,0,1,5916,NA,NA,NA,NA,0,190,190,190,131,NA,NA,NA,NA,NA,81.2316905696608,10.6736880153598,0.297183031838768,70.558004498592,18.4711256379718
"GMB","GM",4914,47646,47646,17061,-15.71646,13.58864167,3,NA,NA,2015,NA,NA,0,0,0,0,0,0,1,5949,NA,NA,NA,NA,0,193,193,193,133,36.2077734069106,36.2030819406852,18.2686096346279,0.00468855699476042,8.26801106511781,70.9029736656593,10.6613326164018,0.239169535738144,60.2416412991117,28.8578561566358
"GMB","GM",4914,47643,47643,16801,-16.2411822,13.5565151,1,NA,NA,2015,NA,NA,0,0,0,0,0,0,1,5922,NA,NA,NA,NA,0,195,195,195,134,NA,NA,NA,NA,NA,75.9576135028164,16.6106464963844,0.337659727108354,59.3469678182596,23.7047266945951
"GMB","GM",4916,47657,47657,16737,-16.2308862,13.2075457,1,NA,NA,2015,NA,NA,0,0,0,0,0,0,1,6064,NA,NA,NA,NA,129.040287563387,197,197,197,135,NA,NA,NA,NA,NA,86.6194455103216,9.51414216437619,0.453327493596355,77.105303389262,12.9272271758645
"GMB","GM",4915,47653,47653,17045,-14.15287833,13.30364,3,NA,NA,2015,NA,NA,0,0,0,0,0,0,1,6016,NA,NA,NA,NA,0,199,199,199,136,NA,NA,NA,NA,NA,92.4573893547286,2.93679265643693,0.192904380734617,89.5205953769928,7.34970717995716
"GMB","GM",4916,47662,47662,16911,-16.66554167,13.22443167,3,NA,NA,2015,NA,NA,0,0,0,0,0,0,1,6110,NA,NA,NA,NA,0,202,202,202,137,NA,NA,NA,NA,NA,86.9082978344659,17.7713029204856,0.151568998384483,69.1369929170127,12.9401333720702
"GMB","GM",4915,47654,47654,17096,-14.19707833,13.433345,3,NA,NA,2015,NA,NA,0,0,0,0,0,0,1,6031,NA,NA,NA,NA,0,205,205,205,139,NA,NA,NA,NA,NA,87.7847567778237,27.8997872013828,0.319269395201257,59.8849650587137,11.8959775405716
"GMB","GM",4913,47638,47638,16881,-15.671685,13.422346,1,NA,NA,2015,NA,NA,0,0,0,0,0,0,1,5888,NA,NA,NA,NA,0,207,207,207,140,NA,NA,NA,NA,NA,85.0841666476503,24.3358575804026,0.225566383642991,60.7483100060603,14.6902665331939
"GMB","GM",4914,47646,47646,17062,-15.79416167,13.567215,3,NA,NA,2015,NA,NA,49,2,49,1,49,0,1,5964,0.0408163265306122,0.0204081632653061,0,0.0569731165473505,0,210,210,210,142,11.0312204415256,10.5087262073568,0.135796690215594,0.522493801321808,0.153366874025526,75.3838846995626,26.0295690048551,0.704744923059719,49.3543163377931,23.9113694292352
"GMB","GM",4915,47650,47650,52560,-14.375762,13.3331199,1,NA,NA,2005,NA,NA,31,0,31,0,31,0,2,5989,0,0,0,0,4688.74093701035,212,212,212,143,NA,NA,NA,NA,NA,80.5777985567283,29.5175976126873,0.00305852770778718,51.0601980124626,19.4191452842161
"GMB","GM",4911,47627,47627,16995,-15.0796708,13.6884565,1,NA,NA,2015,NA,NA,0,0,0,0,0,0,1,5756,NA,NA,NA,NA,0,215,215,215,146,NA,NA,NA,NA,NA,73.8038028929507,57.6050738308356,2.71815146452796,16.1987247655667,23.4780491119038
"GMB","GM",4915,47653,47653,52590,-14.08373,13.39602,1,NA,NA,2010,NA,NA,51,1,51,0,51,0,1,6021,0.0196078431372549,0,0,0.0184979652238254,0,218,218,218,147,NA,NA,NA,NA,NA,70.2080006239589,17.9081417094112,0.0200084728958664,52.299854219301,29.771996003392
"GMB","GM",4913,47639,47639,16891,-15.9222558,13.3378788,1,NA,NA,2015,NA,NA,0,0,0,0,0,0,1,5902,NA,NA,NA,NA,336.264701609824,221,221,221,148,NA,NA,NA,NA,NA,80.7411965595769,15.703919440089,0.479402921536706,65.0372771681482,18.7793997268795
"GMB","GM",4916,47663,47663,16922,-16.5790323,13.2817117,1,NA,NA,2015,NA,NA,0,0,0,0,0,0,1,6124,NA,NA,NA,NA,0,223,223,223,150,NA,NA,NA,NA,NA,98.6674547569358,1.96850511225101,0.0153015591210916,96.6989494876493,1.31724419541183
"GMB","GM",4914,47646,47646,17064,-15.39339833,13.49647167,3,NA,NA,2015,NA,NA,0,0,0,0,0,0,1,5957,NA,NA,NA,NA,0,226,226,226,152,NA,NA,NA,NA,NA,76.9256116706517,23.4612871675822,0.824644640348848,53.4643222455693,22.2497438259023
"GMB","GM",4911,47629,47629,17009,-14.8899772,13.6707177,1,NA,NA,2015,NA,NA,0,0,0,0,0,0,1,5775,NA,NA,NA,NA,0,229,229,229,153,NA,NA,NA,NA,NA,90.3084457523351,15.4851783956539,0.124689562756045,74.8232694009102,9.56686409055571
"GMB","GM",4911,47631,47631,17035,-14.6719007,13.5267844,1,NA,NA,2015,NA,NA,0,0,0,0,0,0,1,5807,NA,NA,NA,NA,0,231,231,231,154,NA,NA,NA,NA,NA,79.7353496715061,7.32599163416855,1.26038295952737,72.4093586175522,19.0042664001073
"GMB","GM",4911,47623,47623,16769,-14.866667,13.45,1,NA,NA,2015,NA,NA,0,0,0,0,0,0,1,5737,NA,NA,NA,NA,0,233,233,233,155,36.1130816618419,32.3691118965783,21.0695063053171,3.7439712005568,12.8130381893325,50.7164829056738,21.9171985388717,0.547053761626715,28.799285835435,48.7364642917529
"GMB","GM",4915,47652,47652,17043,-14.30719167,13.42194833,3,NA,NA,2015,NA,NA,50,0,50,0,50,0,1,6012,0,0,0,0,0,235,235,235,156,NA,NA,NA,NA,NA,82.7606678271258,25.9246063886286,0.513027673472653,56.8360588773145,16.7263054750015
"GMB","GM",4913,47639,47639,16893,-16.1009446,13.3335416,1,NA,NA,2015,NA,NA,0,0,0,0,0,0,1,5903,NA,NA,NA,NA,0,237,237,237,157,NA,NA,NA,NA,NA,72.8984610562295,12.9053442757711,0.285040443968765,59.9931152494219,26.8164994793436
"GMB","GM",4912,47633,47633,16848,-16.677766,13.4160818,1,NA,NA,2015,NA,NA,0,0,0,0,0,0,1,5825,NA,NA,NA,NA,561.698436605642,242,242,242,159,NA,NA,NA,NA,NA,97.9239708786464,49.3232237828387,0.0256529162767066,48.6007484686735,2.0503747121074
"GMB","GM",4916,47664,47664,16935,-16.7119103,13.340074,1,NA,NA,2015,NA,NA,0,0,0,0,0,0,1,6144,NA,NA,NA,NA,8.07602179426507,243,243,243,160,NA,NA,NA,NA,NA,96.9203386169611,8.84233037879432,0.0220931732977578,88.0780100015252,3.0575675189057
"GMB","GM",4915,47654,47654,52596,-14.123757,13.412352,1,NA,NA,2005,NA,NA,30,0,30,0,30,0,2,6033,0,0,0,0,0,245,245,245,161,NA,NA,NA,NA,NA,79.2728930665801,28.5687932859179,0.00924048476907803,50.7041010551501,20.7178662117298
"GMB","GM",4914,47646,47646,17065,-15.42491833,13.571615,3,NA,NA,2015,NA,NA,0,0,0,0,0,0,1,5952,NA,NA,NA,NA,0,248,248,248,162,NA,NA,NA,NA,NA,84.6172087530222,11.7788343791283,0.665378798714587,72.8383728838805,14.7174128652255
"GMB","GM",4916,47664,47664,16936,-16.7559004,13.3479846,1,NA,NA,2015,NA,NA,0,0,0,0,0,0,1,6151,NA,NA,NA,NA,0,251,251,251,163,NA,NA,NA,NA,NA,85.9605275429409,20.7810114287637,0.175345810986615,65.1795213429071,13.8641237387478
"GMB","GM",4911,47629,47629,17011,-14.88028167,13.69666333,3,NA,NA,2015,NA,NA,0,0,0,0,0,0,1,5779,NA,NA,NA,NA,0,253,253,253,164,NA,NA,NA,NA,NA,88.5273783687288,17.6459116682921,0.216400576669778,70.8814666535138,11.25622071444
"GMB","GM",4913,47639,47639,16895,-16.0691615,13.3536116,1,NA,NA,2015,NA,NA,0,0,0,0,0,0,1,5898,NA,NA,NA,NA,0,257,257,257,166,NA,NA,NA,NA,NA,75.8184657592658,16.0747645523939,0.389801681083926,59.7437020890224,23.7917342471221
"GMB","GM",4916,47662,47662,16913,-16.6497623,13.2156281,1,NA,NA,2015,NA,NA,0,0,0,0,0,0,1,6103,NA,NA,NA,NA,0,259,259,259,167,NA,NA,NA,NA,NA,87.4272128449842,18.4428194309372,0.169742025845673,68.9843889747199,12.4030469909986
"GMB","GM",4913,47638,47638,16883,-15.6419858,13.4187569,1,NA,NA,2015,NA,NA,0,0,0,0,0,0,1,5887,NA,NA,NA,NA,0,263,263,263,170,NA,NA,NA,NA,NA,90.8114347026908,17.6234747177768,0.0917198910034028,73.187959032066,9.09684652741083
"GMB","GM",4916,47658,47658,16738,-16.07696167,13.23191,3,NA,NA,2015,NA,NA,0,0,0,0,0,0,1,6073,NA,NA,NA,NA,0,265,265,265,171,NA,NA,NA,NA,NA,78.4810861100436,4.24723415912532,0.505661771266908,74.2338481679684,21.0132552784435
"GMB","GM",4914,47644,47644,16966,-16.0015709,13.5821203,1,NA,NA,2015,NA,NA,0,0,0,0,0,0,1,5933,NA,NA,NA,NA,0,267,267,267,172,24.850442926383,24.811836003929,17.0035928258171,0.0386068998229509,5.23907024863554,73.6477599107104,5.39263366522925,0.0607718903561431,68.2551285935837,26.291466397112
"GMB","GM",4914,47641,47641,16726,-15.8664614,13.5698849,1,NA,NA,2015,NA,NA,0,0,0,0,0,0,1,5909,NA,NA,NA,NA,0,270,270,270,174,16.5098707039912,15.9667235267574,0.554741957682587,0.543148279588484,0.663530448111927,81.6463566782341,15.3927416188389,0.83314982129702,66.253615912818,17.5204933346884
"GMB","GM",4913,47636,47636,16791,-15.532285,13.38311833,3,NA,NA,2015,NA,NA,0,0,0,0,0,0,1,5876,NA,NA,NA,NA,0,272,272,272,175,12.7361373387804,4.27433402054533,17.4748472534024,8.46180294719304,0.300656849915921,60.4608169442968,8.05692005794204,0.343066287852759,52.4038957160885,39.1961194614831
"GMB","GM",4911,47628,47628,17004,-15.32133667,13.54677,3,NA,NA,2015,NA,NA,0,0,0,0,0,0,1,5766,NA,NA,NA,NA,0,275,275,275,177,NA,NA,NA,NA,NA,60.4620606966595,46.9907140877214,0.576798569627099,13.4713424004339,38.9611443487228
"GMB","GM",4914,47643,47643,16805,-16.1772083,13.5306368,1,NA,NA,2015,NA,NA,0,0,0,0,0,0,1,5915,NA,NA,NA,NA,0,277,277,277,178,NA,NA,NA,NA,NA,91.357332120119,8.97058036203707,0.140380257206749,82.3867562582494,8.50228481087118
"GMB","GM",4915,47655,47655,17087,-14.0485109,13.4753338,3,NA,NA,2015,NA,NA,0,0,0,0,0,0,1,6048,NA,NA,NA,NA,0,279,279,279,179,NA,NA,NA,NA,NA,97.2011689403271,4.62713761703365,0.0350397965353422,92.5740338584563,2.76379111621817
"GMB","GM",4915,47648,47648,52553,-14.283333,13.333333,1,NA,NA,2005,NA,NA,30,0,30,0,30,0,2,5978,0,0,0,0,5596.47273111154,281,281,281,180,NA,NA,NA,NA,NA,75.714537694443,28.6141224292229,0.0156905725090489,47.1004181264469,24.2697689816301
"GMB","GM",4915,47650,47650,52561,-14.451626,13.337142,3,NA,NA,2005,NA,NA,30,0,30,0,30,0,2,5993,0,0,0,0,4409.91071278487,282,282,282,181,NA,NA,NA,NA,NA,78.0423306659237,30.0972277664236,0.0178499199323051,47.9451034143265,21.9398204652002
"GMB","GM",4914,47645,47645,16978,-16.4339618,13.5296513,1,NA,NA,2015,NA,NA,48,0,48,0,48,0,1,5947,0,0,0,0,4922.78529628024,283,283,283,182,NA,NA,NA,NA,NA,93.5700645340896,15.0508705137745,0.110936498464398,78.519192282315,6.31900125196022
"GMB","GM",4912,47633,47633,16851,-16.67451167,13.455885,3,NA,NA,2015,NA,NA,50,0,50,0,50,0,1,5832,0,0,0,0,150.301003983987,284,284,284,183,NA,NA,NA,NA,NA,100,14.1592089114808,1.90523234795323e-16,85.8407922476423,1.7033280136905e-14
"GMB","GM",4914,47645,47645,16980,-16.3198908,13.5393781,1,NA,NA,2015,NA,NA,0,0,0,0,0,0,1,5946,NA,NA,NA,NA,0,287,287,287,186,NA,NA,NA,NA,NA,87.7476485671803,26.4219298582996,0.187469192879666,61.3257175051118,12.0648829269
"GMB","GM",4913,47637,47637,16875,-15.6947787,13.4182185,1,NA,NA,2015,NA,NA,0,0,0,0,0,0,1,5881,NA,NA,NA,NA,0,289,289,289,187,NA,NA,NA,NA,NA,82.1800077539585,27.0387542440217,0.283288110858299,55.1412547196528,17.5367032681281
"GMB","GM",4912,47633,47633,16853,-16.66943167,13.44151,3,NA,NA,2015,NA,NA,50,0,50,1,50,0,1,5820,0,0.02,0,0.0188679245283019,0,291,291,291,188,NA,NA,NA,NA,NA,100,3.0941186531417,4.15579834350838e-17,96.905881554987,3.71680487216881e-15
"GMB","GM",4912,47633,47633,16854,-16.66414995,13.44359049,3,NA,NA,2015,NA,NA,0,0,0,0,0,0,1,5847,NA,NA,NA,NA,199.739100983683,293,293,293,189,NA,NA,NA,NA,NA,100,4.70614968603372,6.30901247935668e-17,95.2938505593251,5.64479563498259e-15
"GMB","GM",4912,47633,47633,16855,-16.67417667,13.44993333,3,NA,NA,2015,NA,NA,50,0,50,0,50,0,1,5849,0,0,0,0,476.924658232085,294,294,294,190,NA,NA,NA,NA,NA,NA,9.57694880693884,1.28849845002455e-16,90.4230519678319,1.15198047893751e-14
"GMB","GM",4914,47646,47646,17067,-15.6493172,13.5880793,1,NA,NA,2015,NA,NA,0,0,0,0,0,0,1,5951,NA,NA,NA,NA,202.205708718678,295,295,295,191,36.67952110139,31.734995513222,19.2951059269103,4.94452665036273,5.42007723918323,96.0537968560063,7.08228219740155,0.0433387996157138,88.9715179888718,3.90286502566047
"GMB","GM",4913,47639,47639,16897,-15.83048333,13.292865,3,NA,NA,2015,NA,NA,0,0,0,0,0,0,1,5897,NA,NA,NA,NA,0,299,299,299,193,NA,NA,NA,NA,NA,75.661967132519,11.7324640149287,0.95146859482994,63.9295029135317,23.3865654697023
"GMB","GM",4914,47644,47644,16968,-16.0801839,13.5762608,1,NA,NA,2015,NA,NA,0,0,0,0,0,0,1,5930,NA,NA,NA,NA,0,301,301,301,194,17.3340998392916,16.4195972827514,10.9928981641819,0.91450196013622,4.70330664501413,92.8954112747151,14.7575796756891,0.0215585117230894,78.1378336838321,7.08302926255927
"GMB","GM",4915,47653,47653,17049,-14.02061,13.33473,3,NA,NA,2015,NA,NA,0,0,0,0,0,0,1,6014,NA,NA,NA,NA,0,303,303,303,195,NA,NA,NA,NA,NA,81.6679104811961,21.8779225337685,0.291761586646958,59.7899859274829,18.0403282177636
"GMB","GM",4911,47623,47623,16771,-14.636084,13.34641,1,NA,NA,2015,NA,NA,50,1,50,0,50,0,1,5738,0.02,0,0,0.0188679245283019,0,306,306,306,197,11.5045335267063,11.3957823071015,4.16321164965047,0.108751032615967,2.94389088406196,66.5459335272434,18.3756133604224,0.407492033283684,48.1703177898507,33.0465756933138
"GMB","GM",4911,47629,47629,17013,-15.006815,13.784355,3,NA,NA,2015,NA,NA,0,0,0,0,0,0,1,5781,NA,NA,NA,NA,0,308,308,308,198,23.2379875183105,21.3380794525146,20.3944873809814,1.89990890026093,6.36752414703369,77.8737611175875,25.0020971037005,0.311368174125964,52.871664391929,21.8148690831618
"GMB","GM",4915,47652,47652,52589,-14.476567,13.426539,3,NA,NA,2005,NA,NA,30,0,30,1,30,0,2,6008,0,0.0333333333333333,0,0.0314465408805031,233.393895167814,310,310,310,199,NA,NA,NA,NA,NA,68.2123265634739,19.0345501709304,0.0215960197268691,49.1777738928325,31.7660788296695
"GMB","GM",4912,47633,47633,16856,-16.6615529,13.4604792,1,NA,NA,2015,NA,NA,0,0,0,0,0,0,1,5828,NA,NA,NA,NA,513.779632072061,311,311,311,200,NA,NA,NA,NA,NA,100,17.7660544311905,2.3794846858995e-16,82.2339463631971,2.1293846165835e-14
"GMB","GM",4916,47664,47664,16938,-16.682188,13.366917,1,NA,NA,2015,NA,NA,0,0,0,0,0,0,1,6149,NA,NA,NA,NA,147.746332712042,312,312,312,201,NA,NA,NA,NA,NA,96.9461002286232,36.3777361921958,0.0691725537132848,60.5683649670426,2.98472618774189
"GMB","GM",4911,47623,47623,16773,-14.85553,13.49913667,3,NA,NA,2015,NA,NA,0,0,0,0,0,0,1,5733,NA,NA,NA,NA,0,314,314,314,203,NA,NA,NA,NA,NA,77.8080012635946,16.4886612449614,0.300829322273995,61.3193413987322,21.8911692116364
"GMB","GM",4913,47636,47636,16793,-15.5489028,13.4618036,1,NA,NA,2015,NA,NA,0,0,0,0,0,0,1,5875,NA,NA,NA,NA,0,316,316,316,204,NA,NA,NA,NA,NA,98.4925966824848,6.08045731529556,0.0158328742894548,92.4121379300379,1.49157051921081
"GMB","GM",4911,47630,47630,17019,-15.13139333,13.74913167,3,NA,NA,2015,NA,NA,0,0,0,0,0,0,1,5784,NA,NA,NA,NA,0,318,318,318,205,NA,NA,NA,NA,NA,87.7416852642102,23.5382307697988,0.335926734666429,64.2034557094027,11.9223870852316
"GMB","GM",4914,47646,47646,17069,-15.439896,13.583007,1,NA,NA,2015,NA,NA,0,0,0,0,0,0,1,5958,NA,NA,NA,NA,1461.3690482101,320,320,320,206,48.1125297546387,43.5740966796875,1.19908809661865,4.53843641281128,0.688381612300873,87.4126224505986,9.40949230497247,0.479306566980828,78.0031291770971,12.1080711059702
"GMB","GM",4911,47629,47629,17015,-14.866268,13.766006,1,NA,NA,2015,NA,NA,44,1,44,3,44,0,1,5776,0.0227272727272727,0.0681818181818182,0,0.0843014189926711,0,322,322,322,208,NA,NA,NA,NA,NA,77.9375625501824,21.5206330947505,0.260481254042483,56.4169301666333,21.8019545129255
"GMB","GM",4915,47654,47654,17101,-14.0311791,13.3813713,1,NA,NA,2015,NA,NA,0,0,0,0,0,0,1,6038,NA,NA,NA,NA,0,324,324,324,209,NA,NA,NA,NA,NA,76.7372825638618,14.4134227980847,0.229100391116748,62.323859905595,23.0336158001899
"GMB","GM",4916,47663,47663,16924,-16.5341014,13.2714395,1,NA,NA,2015,NA,NA,0,0,0,0,0,0,1,6120,NA,NA,NA,NA,0,327,327,327,211,NA,NA,NA,NA,NA,NA,7.41336819609561,0.0629758917832978,NA,6.25423613735561
"GMB","GM",4911,47631,47631,17037,-14.54621333,13.62318167,3,NA,NA,2015,NA,NA,0,0,0,0,0,0,1,5809,NA,NA,NA,NA,0,329,329,329,212,25.9011745452881,22.7995204925537,16.3849544525146,3.10165333747864,7.71387147903442,76.3732307749706,22.7103387254314,0.964880682190464,53.6628914658236,22.6618890040486
"GMB","GM",4914,47644,47644,16970,-16.0500574,13.5200774,1,NA,NA,2015,NA,NA,0,0,0,0,0,0,1,5931,NA,NA,NA,NA,49.4960177793626,331,331,331,213,NA,NA,NA,NA,NA,99.278917098544,0.00215970786448561,0.00500724230210508,99.2767574236662,0.716075653038047
"GMB","GM",4914,47644,47644,16971,-16.05050167,13.52006,3,NA,NA,2015,NA,NA,50,0,50,0,50,0,1,5925,0,0,0,0,49.4960177793626,332,332,332,214,NA,NA,NA,NA,NA,99.2625622445745,0.00213056863896097,0.00508906768060259,99.2604317084772,0.732348681879222
"GMB","GM",4915,47648,47648,52554,-14.1959978,13.2375414,1,NA,NA,2005,NA,NA,30,0,30,1,30,0,2,5976,0,0.0333333333333333,0,0.0314465408805031,3902.60445299007,333,333,333,215,NA,NA,NA,NA,NA,73.3933431886715,20.7203770491933,0.0239201632859602,52.6729674944852,26.5827318178333
"GMB","GM",4914,47641,47641,52555,-15.966128,13.483927,3,NA,NA,2010,NA,NA,50,0,50,0,50,0,1,5907,0,0,0,0,10218.5853172363,334,334,334,216,NA,NA,NA,NA,NA,48.6056822571882,44.315161772218,0.0689890700118685,4.29052036282216,51.3253280247181
"GMB","GM",4911,47631,47631,17039,-14.55922667,13.56749333,3,NA,NA,2015,NA,NA,50,0,50,0,50,0,1,5806,0,0,0,0,358.418530537855,335,335,335,217,NA,NA,NA,NA,NA,86.0911061042557,14.8674997101562,1.54307446587477,71.2236050675384,12.3658201402516
"GMB","GM",4916,47661,47661,16759,-16.0419754,13.2287944,1,NA,NA,2015,NA,NA,0,0,0,0,0,0,1,6092,NA,NA,NA,NA,0,337,337,337,219,NA,NA,NA,NA,NA,91.3572306472007,14.5508529486826,0.416454317786005,76.8063762256406,8.22631639571212
"GMB","GM",4916,47664,47664,16955,-16.766675,13.38449667,3,NA,NA,2015,NA,NA,50,0,50,0,50,0,1,6147,0,0,0,0,98.0958352832971,339,339,339,220,NA,NA,NA,NA,NA,82.3174334349919,22.9211533867408,0.448639845558201,59.3962828563017,17.2339254949457
"GMB","GM",4911,47623,47623,16775,-14.99514,13.50052333,3,NA,NA,2015,NA,NA,51,0,51,0,51,0,1,5748,0,0,0,0,1315.71401648303,340,340,340,221,23.7973526098866,20.7990054216869,18.0779026513346,2.99834604514378,6.86437583849019,60.3844659757897,27.8518531179792,0.756991890501071,32.5326123152808,38.8585436374423
"GMB","GM",4915,47653,47653,17051,-13.9803931,13.3602498,1,NA,NA,2015,NA,NA,0,0,0,0,0,0,1,6017,NA,NA,NA,NA,0,342,342,342,223,NA,NA,NA,NA,NA,71.7975570053726,24.4524096812299,0.231699463528749,47.3451496391335,27.9707425949521
"GMB","GM",4915,47655,47655,17088,-13.89056667,13.54723333,3,NA,NA,2015,NA,NA,0,0,0,0,0,0,1,6045,NA,NA,NA,NA,0,346,346,346,226,62.0038394921738,50.9559764044673,37.6260663353026,11.0478650726179,13.7344657549307,64.7912913022093,26.9498434884102,0.27674784075965,37.841446998127,34.9319612835451
"GMB","GM",4912,47633,47633,16857,-16.6880841,13.4502991,1,NA,NA,2015,NA,NA,0,0,0,0,0,0,1,5844,NA,NA,NA,NA,0,349,349,349,228,NA,NA,NA,NA,NA,99.9927967389465,9.85290121504543,7.83298301838926e-05,90.1398966958605,0.00712492307326109
"GMB","GM",4913,47637,47637,52570,-15.7314496,13.3794498,1,NA,NA,2010,NA,NA,50,1,50,1,50,0,1,5884,0.02,0.02,0,0.0373584905660377,0,353,353,353,229,NA,NA,NA,NA,NA,83.5972570463974,28.7549768971876,0.0301182439287265,54.8422757947634,16.3726278300205
"GMB","GM",4916,47664,47664,16939,-16.67963667,13.39526167,3,NA,NA,2015,NA,NA,0,0,0,0,0,0,1,6137,NA,NA,NA,NA,0,356,356,356,230,NA,NA,NA,NA,NA,96.7131298281867,95.6030837444346,0.0415327584059691,1.11004887247537,3.24533453179537
"GMB","GM",4911,47627,47627,16998,-15.03328167,13.61319167,3,NA,NA,2015,NA,NA,0,0,0,0,0,0,1,5753,NA,NA,NA,NA,0,358,358,358,231,NA,NA,NA,NA,NA,84.6645841694685,16.0098849674275,1.29863116608233,68.6547011394848,14.0367841249454
"GMB","GM",4914,47646,47646,17070,-15.41209833,13.54538333,3,NA,NA,2015,NA,NA,0,0,0,0,0,0,1,5959,NA,NA,NA,NA,0,360,360,360,232,NA,NA,NA,NA,NA,81.8967896794206,16.8279141088635,0.812601292310971,65.0688750587916,17.2906093160754
"GMB","GM",4913,47634,47634,52559,-15.397386,13.413016,3,NA,NA,2010,NA,NA,50,4,50,0,50,0,1,5863,0.08,0,0,0.0754716981132075,2625.77395696938,362,362,362,233,NA,NA,NA,NA,NA,74.3716675798138,24.3797528733916,0.0418133037923533,49.9919162099655,25.5865188756724
"GMB","GM",4911,47628,47628,17006,-15.2872,13.54892,3,NA,NA,2015,NA,NA,50,0,50,0,50,0,1,5769,0,0,0,0,3808.04296254761,363,363,363,234,NA,NA,NA,NA,NA,75.9457966548393,31.3684254694719,0.296860201890411,44.5773699372887,23.75734515192
"GMB","GM",4916,47663,47663,16926,-16.4921253,13.1828242,1,NA,NA,2015,NA,NA,0,0,0,0,0,0,1,6125,NA,NA,NA,NA,296.88082198099,364,364,364,235,8.47230734819334,6.63313792623846,1.5309893448877,1.83916934120841,1.21427480394734,78.9836982984698,27.8930798874848,0.132000945080663,51.0906196974605,20.884302234943
"GMB","GM",4911,47623,47623,16777,-14.6791893,13.4517208,1,NA,NA,2015,NA,NA,0,0,0,0,0,0,1,5742,NA,NA,NA,NA,0,366,366,366,237,NA,NA,NA,NA,NA,91.6289433876111,12.9620032584934,0.32241172640927,78.6669403851063,8.04864525289577
"GMB","GM",4913,47636,47636,16795,-15.5386447,13.4442078,1,NA,NA,2015,NA,NA,0,0,0,0,0,0,1,5877,NA,NA,NA,NA,0,368,368,368,238,NA,NA,NA,NA,NA,99.7358818240403,1.41203643474571,0.0027741556569622,98.3238453049918,0.26134472663248
"GMB","GM",4916,47659,47659,16744,-16.3037052,13.2063104,1,NA,NA,2015,NA,NA,0,0,0,0,0,0,1,6075,NA,NA,NA,NA,0,370,370,370,239,NA,NA,NA,NA,NA,48.9988983551575,8.20465891492903,1.32719696049013,40.794235383729,49.6739050369636
"GMB","GM",4911,47627,47627,52579,-15.1076233,13.6446628,1,NA,NA,2010,NA,NA,50,8,50,0,50,2,1,5754,0.16,0,0.04,0.182641509433962,0,373,373,373,240,NA,NA,NA,NA,NA,59.2210399173906,45.7116356231514,0.421914114029974,13.5094032812308,40.3570465535528
"GMB","GM",4916,47664,47664,16940,-16.742675,13.3664,3,NA,NA,2015,NA,NA,0,0,0,0,0,0,1,6156,NA,NA,NA,NA,0,375,375,375,241,NA,NA,NA,NA,NA,88.0524723329434,20.9423419415288,0.179862601838231,67.1101330070459,11.7676646850871
"GMB","GM",4915,47651,47651,52568,-14.3195552,13.2938731,1,NA,NA,2005,NA,NA,31,3,31,1,31,0,2,6000,0.0967741935483871,0.032258064516129,0,0.118783499892015,0,377,377,377,242,NA,NA,NA,NA,NA,75.299037799825,25.237491314585,0.00643867353167752,50.0615482856017,24.6945195429621
"GMB","GM",4916,47661,47661,16761,-15.9980018,13.1743454,3,NA,NA,2015,NA,NA,50,0,50,0,50,0,1,6084,0,0,0,0,342.632915493441,382,382,382,243,18.62650016701,15.5400976783255,9.34620260236696,3.08640265355377,3.59398916230428,75.6501875652396,22.0660181750608,0.493869916752543,53.5841697871315,23.8559405606785
"GMB","GM",4914,47646,47646,17071,-15.59481,13.57505,3,NA,NA,2015,NA,NA,47,0,47,0,47,0,1,5969,0,0,0,0,680.132304719934,383,383,383,244,23.7368278537282,23.4159907788194,4.5891750235385,0.32083774455209,1.79838134748345,90.0187894136013,14.6284047599909,0.0609557728456845,75.3903848484608,9.92025309062108
"GMB","GM",4916,47664,47664,16959,-16.73102,13.366685,3,NA,NA,2015,NA,NA,50,0,50,2,50,1,1,6150,0,0.04,0.02,0.0558490566037736,815.741104997316,384,384,384,245,NA,NA,NA,NA,NA,90.7896224111816,19.9509797581491,0.119252812611411,70.8386438242222,9.09112582582571
"GMB","GM",4912,47633,47633,16860,-16.68027667,13.45416167,3,NA,NA,2015,NA,NA,49,0,49,0,49,0,1,5833,0,0,0,0,417.566457147549,385,385,385,246,NA,NA,NA,NA,NA,100,12.809868768159,1.72724123275674e-16,87.1901324934041,1.54353394696701e-14
"GMB","GM",4914,47645,47645,16985,-16.54236667,13.48179667,3,NA,NA,2015,NA,NA,50,0,50,0,50,0,1,5941,0,0,0,0,622.321525821322,390,390,390,248,NA,NA,NA,NA,NA,NA,33.1193908044861,0.308441022369833,88.6111425937871,21.6446385984211
"GMB","GM",4915,47651,47651,52569,-13.9709634,13.3699437,1,NA,NA,2005,NA,NA,30,0,30,0,30,0,2,5997,0,0,0,0,0,392,392,392,250,NA,NA,NA,NA,NA,64.1890943098041,30.3135635588104,0.00373306454972188,33.8755333898586,35.8071725349437
"GMB","GM",4913,47635,47635,16786,-15.200467,13.5341143,1,NA,NA,2015,NA,NA,0,0,0,0,0,0,1,5866,NA,NA,NA,NA,225.568501954726,395,395,395,251,28.9764709472656,27.3394641876221,14.9215173721313,1.63700449466705,6.10201263427734,52.6954910067663,20.4486720759982,0.392529260658507,32.2468160791019,46.9119847079965
"GMB","GM",4915,47655,47655,17090,-14.0144902,13.5001159,1,NA,NA,2015,NA,NA,0,0,0,0,0,0,1,6049,NA,NA,NA,NA,0,397,397,397,253,NA,NA,NA,NA,NA,93.3809469944142,8.58298429554149,0.384052122099768,84.79796300223,6.2350011635052
"GMB","GM",4916,47659,47659,16746,-16.3861179,13.1869802,1,NA,NA,2015,NA,NA,0,0,0,0,0,0,1,6076,NA,NA,NA,NA,0,401,401,401,255,0.810322532467566,0.657302108904131,0.312127709953201,0.153020411707635,0.120720505354918,52.1137909688366,45.3645739743088,0.953427057763563,6.74921772709048,46.9327808571411
"GMB","GM",4915,47650,47650,16819,-14.41422,13.34983333,3,NA,NA,2015,NA,NA,0,0,0,0,0,0,1,5986,NA,NA,NA,NA,0,403,403,403,256,NA,NA,NA,NA,NA,84.0963155484488,25.9910792669038,0.641943428062464,58.1052367503998,15.2617403887777
"GMB","GM",4911,47631,47631,17041,-14.586263,13.632834,1,NA,NA,2015,NA,NA,50,0,50,0,50,0,1,5795,0,0,0,0,4593.35540990255,405,405,405,257,NA,NA,NA,NA,NA,85.4181870301205,22.6919230737104,1.27862802584286,62.7262656920268,13.3031849547415
"GMB","GM",4912,47633,47633,16863,-16.67019004,13.43114856,3,NA,NA,2015,NA,NA,0,0,0,0,0,0,1,5837,NA,NA,NA,NA,211.947380708056,406,406,406,258,NA,NA,NA,NA,NA,98.904941774975,14.1440135195542,0.0135313203827511,84.7609285659233,1.08152647003942
"GMB","GM",4912,47633,47633,16864,-16.66957167,13.4341,3,NA,NA,2015,NA,NA,50,0,50,1,50,0,1,5813,0,0.02,0,0.0188679245283019,134.495132942299,407,407,407,259,NA,NA,NA,NA,NA,99.3930005737132,7.54862223200918,0.00750051754253699,91.8443785036616,0.599498676505389
"GMB","GM",4912,47633,47633,16865,-16.66995833,13.43298667,3,NA,NA,2015,NA,NA,50,0,50,1,50,0,1,5839,0,0.02,0,0.0188679245283019,134.495132942299,408,408,408,260,NA,NA,NA,NA,NA,99.2115220040635,10.0391334096276,0.0097429963023824,89.1723888129554,0.778734691016326
"GMB","GM",4912,47633,47633,52564,-16.66876,13.415178,3,NA,NA,2010,NA,NA,50,0,50,0,50,0,1,5818,0,0,0,0,175.442693837269,409,409,409,261,NA,NA,NA,NA,NA,95.8068403773355,49.9274175190449,0.00321543723932997,45.8794226771213,4.18994489011593
"GMB","GM",4916,47658,47658,16740,-16.1360406,13.1668731,1,NA,NA,2015,NA,NA,0,0,0,0,0,0,1,6072,NA,NA,NA,NA,100.837516261637,410,410,410,262,27.3882064142763,23.0898320641708,16.0873083911811,4.29837489199894,6.0246971619984,61.0104521300335,20.5559851700042,0.718246362994428,40.4544675298899,38.271301477409
"GMB","GM",4916,47665,47665,16960,-16.7883416,13.3485785,1,NA,NA,2015,NA,NA,0,0,0,0,0,0,1,6162,NA,NA,NA,NA,612.702018264773,413,413,413,263,NA,NA,NA,NA,NA,81.3716273176614,23.0509831221715,0.397449706725576,58.3206462717533,18.230921975733
"GMB","GM",4913,47637,47637,16879,-15.8073816,13.43873,1,NA,NA,2015,NA,NA,0,0,0,0,0,0,1,5883,NA,NA,NA,NA,0,415,415,415,265,NA,NA,NA,NA,NA,80.9370469085215,24.9149777626143,0.350055698276514,56.0220735151927,18.712893497796
"GMB","GM",4915,47654,47654,52598,-14.2292748,13.4632534,1,NA,NA,2005,NA,NA,30,1,30,0,30,0,2,6030,0.0333333333333333,0,0,0.0314465408805031,0,417,417,417,266,24.4267826080322,19.7450542449951,14.6038417816162,4.68172693252563,10.9693756103516,82.8378024347844,34.2572817367119,0.0109501385179592,48.580521877473,17.1512466988314
"GMB","GM",4916,47663,47663,16928,-16.4687475,13.216972,1,NA,NA,2015,NA,NA,0,0,0,0,0,0,1,6114,NA,NA,NA,NA,0,421,421,421,268,NA,NA,NA,NA,NA,81.3021374872713,34.5024398513384,0.193884635390283,46.7996991125272,18.5039800747247
"GMB","GM",4915,47655,47655,17092,-13.99658167,13.54440167,3,NA,NA,2015,NA,NA,0,0,0,0,0,0,1,6043,NA,NA,NA,NA,0,424,424,424,270,28.339427947998,25.851526260376,16.9190921783447,2.48790073394775,4.74147939682007,74.0095912785406,21.0372619716902,0.50977435602387,52.9723273389963,25.4806343952698
"GMB","GM",4914,47646,47646,17072,-15.7021123,13.5552194,1,NA,NA,2015,NA,NA,0,0,0,0,0,0,1,5963,NA,NA,NA,NA,0,427,427,427,272,NA,NA,NA,NA,NA,89.6039315613048,11.6669614972575,0.460958503155491,77.9369712304315,9.93510987168719
"GMB","GM",4914,47646,47646,17073,-15.7027675,13.558217,3,NA,NA,2015,NA,NA,0,0,0,0,0,0,1,5966,NA,NA,NA,NA,0,429,429,429,273,NA,NA,NA,NA,NA,89.7126517646923,11.6661212952526,0.464443960796991,78.0465318232472,9.8229043018529
"GMB","GM",4916,47662,47662,NA,-16.65,13.218,3,NA,NA,1992,1,45,216,65,216,54,216,5,3,30314,0.300925925925926,0.25,0.0231481481481481,0.460218063320134,272.510593214422,261,261,261,168,NA,NA,NA,NA,NA,NA,NA,NA,NA,NA
