"iso3","iso2","admin1_id","admin2_id","iu_id","site_id","georeliability","location_type","survey_type","year","age_start","age_end","hk_examined","hk_positive","asc_examined","asc_positive","tt_examined","tt_positive","quality","sn","hk_prevalence","asc_prevalence","tt_prevalence","sth_prevalence","shortest","id","src","dst","identifier","improved_sewer","unpiped_sewer","surface_sewer","piped_sewer","unimproved_sewer","improved_water","unpiped_water","surface_water","piped_water","unimproved_water","p_density","elevation","x","y","longitude","latitude","AnnualPrecip","AnPET","AridityIndex","geometry"
"SEN","SN",4127,40196,40196,,1,,,2013,5,20,50,0,50,0,50,1,1,29566,0,0,0.02,0.0188679245283019,5858.52534817553,0,0,0,1,52.8321148846757,52.057329780064,41.3399987641248,0.774782711271397,5.82788891692745,61.9790716059608,35.2304842654427,0.55657241894192,26.7485891538497,37.4643545854006,51.3773727722168,21.9909323710742,-1524105.40508831,1805449.70103058,-13.6912718,16.0062771,143.762459092436,1570.53723066066,0.0457916683314265,c(-1524105.40508831, 1805449.70103058)
"SEN","SN",4119,,2067,,4,,,2013,5,20,50,0,50,2,50,0,1,29580,0,0.04,0,0.0377358490566038,1469.89316226136,2,2,2,3,97.8529877268384,79.1142835683771,2.12490674734712,18.7387052484191,0.0221028256272357,95.2546289069516,1.40019283082375,0.00989960019601594,93.8544387586624,4.73547174837608,7464.22766713677,9.33190737920045,-1926946.61952305,1663049.78728199,-17.310056,14.772972,205.34615384613,1095,0.0937211533578545,c(-1926946.61952305, 1663049.78728199)
"SEN","SN",4125,,24872,,4,,,2013,5,20,50,0,50,0,50,0,1,29611,0,0,0,0,9784.73747426284,3,3,3,4,41.8469534139355,40.9266566623046,48.239587111612,0.920296350330332,9.9134588441263,2.86675409159538,1.44116652941205,0.115421331868638,1.42558755426659,97.0178297098345,29.0869712262835,52.8530338688005,-1620870.5626412,1481644.56586826,-14.560528,13.191722,433.873265612181,1142.05487106891,0.189903754778352,c(-1620870.5626412, 1481644.56586826)
"SEN","SN",4121,40170,40170,,1,,,2013,5,20,50,0,50,0,50,0,1,29596,0,0,0,0,13379.1560895466,4,4,4,5,94.0416358544547,50.6548888703079,5.40226591569393,43.3867461745341,0.55609837099852,93.1520121758165,2.64553399290188,0.00741435509311901,90.506472137823,6.8405744231964,98.7705121547154,19.7028667392005,-1825896.79703342,1557395.61161577,-16.40231,13.8533368,346.916900172121,1201.20655281262,0.144397215694474,c(-1825896.79703342, 1557395.61161577)
"SEN","SN",4130,40205,40205,16232,1,,,2008,,,0,0,0,0,0,0,1,13509,,,,,73883.5275362724,5,5,5,6,40.496336061914,32.9622110605005,41.9059999472569,7.53412407684197,17.5976621385312,46.6542619983553,9.08591627868397,4.64879214720151,37.5683473833076,48.696945743231,46.5126377817829,26.9477320999185,-1362604.76876974,1659580.44530421,-12.2404869,14.7428345,,,,c(-1362604.76876974, 1659580.44530421)
"SEN","SN",4129,40183,40183,,3,,,2013,5,20,50,9,50,0,50,0,1,29625,0.18,0,0,0.169811320754717,10424.3823824431,7,7,7,7,46.098143283636,45.946816150709,12.7245602578017,0.151325386847528,41.1772983081434,3.75505010011267,3.43048939644222,0.129114551096456,0.324560604421528,96.1158365019869,59.6713144618443,36.5835963295996,-1738759.46186415,1416281.35033766,-15.619542,12.619389,549.462167631085,1059.76385905989,0.259159367430537,c(-1738759.46186415, 1416281.35033766)
"SEN","SN",4129,40183,40183,,1,,,2013,5,20,51,37,51,2,51,1,1,29622,0.725490196078431,0.0392156862745098,0.0196078431372549,0.699459199434237,59709.1424011826,8,8,8,8,51.9127418780552,49.7852745395305,27.0473701129323,2.12746845228229,21.0398873283774,55.9708982040635,28.4068403018074,0.402554395099375,27.5640605760807,43.6265464496415,35.1460565359933,44.1078510079962,-1624037.82479325,1404669.99781459,-14.58898,12.517582,,,,c(-1624037.82479325, 1404669.99781459)
"SEN","SN",4121,40170,40170,,3,,,2013,5,20,50,0,50,0,50,0,1,29597,0,0,0,0,10656.8232247438,9,9,9,9,54.7522166577715,54.3118167733487,42.0470078465305,0.440403164152996,3.20077332555053,91.433817213677,45.751569371957,0.0247717389147789,45.6822445563654,8.54141165535978,98.7705121547154,12.0227371999944,-1834042.8234112,1546782.22045549,-16.475487,13.76075,365.773908279339,1210.46057576819,0.15105727681355,c(-1834042.8234112, 1546782.22045549)
"SEN","SN",4129,40202,40202,,1,,,2013,5,20,50,8,50,2,50,0,1,29546,0.16,0.04,0,0.182641509433962,9226.26762521343,10,10,10,10,21.3669740047172,21.1383627081846,48.1275062465372,0.228611424014002,30.5055199762036,10.2766037060528,0.994569139671778,0.07994633831179,9.28203523153638,89.6434464466811,51.9390861424037,22.3406533536017,-1757006.95279498,1460604.33761161,-15.783462,13.007633,493.990601815192,1109.03163899551,0.222653403420003,c(-1757006.95279498, 1460604.33761161)
"SEN","SN",4119,,2067,,4,,,2013,5,20,50,0,50,0,50,0,1,29540,0,0,0,0,1555.32429789757,11,11,11,11,93.838139641621,65.210047692877,5.96124716293827,28.628098249255,0.20061014730549,94.801480690904,4.53071485846697,0.0267949245070332,90.2707664366,5.17172398143031,1255.52207463728,7.0743014335981,-1917414.88812388,1653923.06604127,-17.224431,14.693681,208.810521876671,1157.45480948573,0.090188585592854,c(-1917414.88812388, 1653923.06604127)
"SEN","SN",4129,40183,40183,,3,,,2013,5,20,50,26,50,0,50,0,1,29623,0.52,0,0,0.490566037735849,1583.68706370311,12,12,12,12,70.5776580669733,68.6603032767189,12.6146713572973,1.91735842030249,16.8076679854027,5.69466705087215,4.60004399823186,0.0576812613546679,1.09462293439802,94.2476546459485,94.5252578037807,20.2196799999943,-1768588.40997813,1410408.66354348,-15.8875,12.567903,583.3629331877,1043.9040957257,0.279357998440407,c(-1768588.40997813, 1410408.66354348)
"SEN","SN",4122,40174,40174,,1,,,2013,5,20,50,0,50,1,50,1,1,29599,0,0.02,0.02,0.0373584905660377,20493.890140133,13,13,13,13,64.5540752049028,59.2444454324981,32.595299957208,5.30963287215866,2.8506235206963,99.7398375050469,0.0563163789019428,0.000630420488988803,99.6835179635646,0.259534394750306,85.0644556928362,14.7515200000009,-1730080.27078522,1586288.86878538,-15.5415755,14.105202,295.441899559192,1217.02666548874,0.121334070826553,c(-1730080.27078522, 1586288.86878538)
"SEN","SN",4119,40157,40157,,1,,,2013,5,20,50,0,50,6,50,6,1,29590,0,0.12,0.12,0.212830188679245,1688.34538713419,19,19,19,16,96.6850788503126,55.6335006521142,3.1597352577292,41.0515768562923,0.155185475611007,97.440505895709,1.60544770987644,0.00773252384088201,95.8350599969231,2.55176136293306,19780.7558479553,4.89373080223843,-1938238.81300937,1659334.72302729,-17.4114955,14.7406998,189.25092170508,1065.23908650125,0.08881063447775,c(-1938238.81300937, 1659334.72302729)
"SEN","SN",4131,40221,40221,,1,,,2013,5,20,50,0,50,0,50,0,1,29572,0,0,0,0,9122.69931583916,20,20,20,17,42.0149184509187,41.8757130052888,55.2852908373617,0.139208803585557,2.69978887690951,99.2345853176474,0.380709999271852,0.00540643086745526,98.8538712468278,0.76000961314606,141.526279087612,34.1546690303996,-1874839.96963355,1701920.41101825,-16.841974,15.110346,202.071857388432,1255.5233380425,0.080433698614597,c(-1874839.96963355, 1701920.41101825)
"SEN","SN",4123,,2062,,4,,,2013,5,20,50,0,50,0,50,0,1,29544,0,0,0,0,3168.90570789219,21,21,21,18,55.8512059975333,50.2759621824984,40.8127669008929,5.57524377249708,3.33602571256933,99.9944715609198,0.000687109857517727,1.63905230536542e-05,99.9937786398105,0.00551496218093015,159.732458156041,31.5201199999952,-1754419.88782895,1548485.47984518,-15.760222,13.775611,332.440215906659,1211.57848816741,0.13714708573762,c(-1754419.88782895, 1548485.47984518)
"SEN","SN",4123,,2062,,4,,,2013,5,20,50,0,50,0,50,0,1,29609,0,0,0,0,2706.99524785512,22,22,22,19,64.4816712464547,56.9952378107446,32.3076802030391,7.48643404162939,3.21064638368035,98.9365734104505,0.41628710589627,0.00147136802313951,98.5202790727523,1.06195834961594,159.732458156041,27.7169195312027,-1755350.63009147,1545456.34098631,-15.768583,13.749181,332.440215906659,1211.57848816741,0.13714708573762,c(-1755350.63009147, 1545456.34098631)
"SEN","SN",4131,40216,40216,,1,,,2013,5,20,50,0,50,0,50,1,1,29635,0,0,0.02,0.0188679245283019,18896.1249558701,27,27,27,22,75.5652835807672,73.5638798443172,13.9429117032014,2.00140767654469,10.4918059446096,76.6317700538719,11.7997696034907,0.251450131795487,64.8320021781134,23.1167765861434,141.526279087612,42.0139244159985,-1857052.89611664,1695542.04492247,-16.68219,15.055022,203.748930572342,1254.40489226401,0.081174380785915,c(-1857052.89611664, 1695542.04492247)
"SEN","SN",4123,,2062,,4,,,2013,5,20,50,0,50,0,50,0,1,29564,0,0,0,0,2042.96674484459,28,28,28,23,60.3618321256862,55.516711700327,36.5324582575678,4.84511862539273,3.10570951959199,71.7106667912706,1.93861212942305,0.0473142198673705,69.7720498769516,28.2420226468939,159.732458156041,13.8342306192009,-1757809.00972615,1546589.56331389,-15.790667,13.759069,333.131500033354,1210.73389261815,0.137523644248929,c(-1757809.00972615, 1546589.56331389)
"SEN","SN",4123,40178,40178,56660,1,,,2013,,,50,0,50,0,50,0,1,13470,0,0,0,0,19982.1435901405,29,29,29,24,31.5748135296729,30.3157992797946,60.0895061396681,1.2590141111101,8.33568165659696,95.2720639239455,0.747412771041508,0.0216215532712803,94.52465001264,4.70631483614269,90.7924567783901,14.4049163424073,-1748836.88140719,1594546.53740621,-15.710069,14.177134,284.555052165232,1232.01986577078,0.115440625114997,c(-1748836.88140719, 1594546.53740621)
"SEN","SN",4129,40183,40183,,1,,,2013,5,20,50,22,50,3,50,1,1,29570,0.44,0.06,0.02,0.456724528301887,26842.195777985,32,32,32,25,61.0062247368397,59.6106695877887,23.6633128292613,1.39555578114617,15.330459717071,3.75148447726046,3.21967263350511,0.0346116740969872,0.531811802725157,96.213904680222,59.6713144618443,18.6991759423842,-1695201.82604105,1440972.1347958,-15.2282571,12.83574,513.3270547361,1072.9947615673,0.239147697168051,c(-1695201.82604105, 1440972.1347958)
"SEN","SN",4131,40218,40218,,1,,,2013,5,20,50,0,50,9,50,0,1,29638,0,0.18,0,0.169811320754717,858.755212341423,33,33,33,26,95.3717887671022,15.0333629057594,4.59280895018689,80.3384240783332,0.0354043634873134,99.1289830444437,0.220207710859864,0.0045300494424359,98.9087723122041,0.866489111722254,363.919007339592,27.6095126592011,-1901642.02947338,1676461.43511808,-17.082741,14.889437,216.896070746433,1191.43144472116,0.0910041589216565,c(-1901642.02947338, 1676461.43511808)
"SEN","SN",4128,40200,40200,,3,,,2009,0,85,0,0,599,10,599,10,1,30723,,0.01669449081803,0.01669449081803,,32257.306755101,34,34,34,27,77.9212255800436,53.8848025285791,58.3293992715467,24.0364230059716,7.74475405075981,46.149954718165,46.1488693814736,2.48103773805824,0.00108297294503686,95.3643871369615,41.1138281032017,7.19999999999689,-1767753.51379718,1826736.33910617,-15.88,16.19,118.601261833699,1402.10958848169,0.0423247170047812,c(-1767753.51379718, 1826736.33910617)
"SEN","SN",4119,,2067,,4,,,2013,5,20,50,0,50,1,50,0,1,29573,0,0.02,0,0.0188679245283019,4167.41454835983,40,40,40,28,88.6883892309341,72.0876001274935,11.0595458428198,16.6007907284131,0.252064393536397,94.2615384823984,2.77585227427006,0.0198767985132099,91.4856847382363,5.71858579837123,1255.52207463728,17.554314896003,-1909724.49242191,1656053.69167139,-17.155347,14.712194,218.548283058893,1184.0908997093,0.0922524839148125,c(-1909724.49242191, 1656053.69167139)
"SEN","SN",4123,40175,40175,,3,,,2013,5,20,50,0,50,0,50,0,1,29560,0,0,0,0,10118.1645758866,43,43,43,30,64.2501506661573,63.9889489393722,33.5335057748829,0.261199637853618,2.21634411974858,47.9044574517111,2.41568117481454,0.0841334113842878,45.488776210623,52.011409075913,95.7366878051758,19.6040490016001,-1781677.68966408,1609747.17123608,-16.005083,14.309486,278.653006215972,1229.00346697359,0.113334257821324,c(-1781677.68966408, 1609747.17123608)
"SEN","SN",4119,,2067,,4,,,2013,5,20,50,0,50,0,50,0,1,29557,0,0,0,0,3715.15926702191,46,46,46,32,92.40024723237,73.8778053761173,7.45853585726768,18.5224428975829,0.141217950407959,89.3305871026062,1.84836642865313,0.0206807417365175,87.4822204616865,10.6487331247135,1255.52207463728,35.6596283584031,-1909692.09845009,1668472.42204319,-17.155056,14.820069,216.630095543607,1167.5936895106,0.0927217898733135,c(-1909692.09845009, 1668472.42204319)
"SEN","SN",4125,,24872,,4,,,2013,5,20,50,0,50,0,50,0,1,29565,0,0,0,0,9784.73747426284,48,48,48,34,49.8676759111727,46.4810041786463,37.2385867503156,3.38666990816415,12.8937399452288,1.79728012756569,0.563070152990103,0.0921917564638213,1.23420992111547,98.1105258906992,29.0869712262835,49.063439999998,-1625831.96102637,1490078.16613766,-14.605097,13.265472,417.937611742933,1158.76406923119,0.180293179294853,c(-1625831.96102637, 1490078.16613766)
"SEN","SN",4119,40157,40157,,3,,,2013,5,20,50,0,50,24,50,32,1,29575,0,0.48,0.64,0.766792452830189,362.162864625564,49,49,49,35,,98.9209357952219,7.57200542550959,15.6501697936175,0.0179955899975015,,1.36218168126652,0.00765373263198394,,2.15635251721823,16076.6210535714,11.1289442751976,-1935966.50390356,1664138.77922699,-17.391083,14.782431,,,,c(-1935966.50390356, 1664138.77922699)
"SEN","SN",4119,40157,40157,,3,,,2013,5,20,50,0,50,31,50,31,1,29579,0,0.62,0.62,0.807169811320755,362.162864625564,51,51,51,37,,95.2050593885286,7.45157286315031,14.6572532758537,0.0160207748403623,,1.31833640281434,0.00710453033108427,,1.9919096533579,16076.6210535714,8.73796372479384,-1936244.80263054,1664370.5372022,-17.393583,14.784444,,,,c(-1936244.80263054, 1664370.5372022)
"SEN","SN",4119,40157,40157,,1,,,2013,5,20,50,0,50,19,50,11,1,29556,0,0.38,0.22,0.487169811320755,1066.31874586259,54,54,54,38,96.5839151139471,67.1840324914126,3.24539485033611,29.3998804137748,0.170690934565679,97.9274625181236,1.06296000783007,0.0065313701576917,96.8645064749396,2.06600501578659,19856.0509053883,9.30108800000135,-1935111.77058935,1660717.30047167,-17.3834048,14.7527106,205.34615384613,1095,0.0937211533578545,c(-1935111.77058935, 1660717.30047167)
"SEN","SN",4131,40218,40218,,1,,,2013,5,20,50,0,50,11,50,1,1,29549,0,0.22,0.02,0.222264150943396,3394.39511006753,56,56,56,39,95.1277062516038,86.5682971096939,4.77066435775769,8.55940868575751,0.101630506059662,66.8346593317769,26.4122947621184,0.0422969860452868,40.4223638159333,33.123045165561,437.892677490234,70.3696294434599,-1882416.79719101,1663320.72413837,-16.9100378,14.7753254,240.411562081862,1224.23853585192,0.098154022751118,c(-1882416.79719101, 1663320.72413837)
"SEN","SN",4119,40157,40157,,1,,,2013,5,20,50,0,50,18,50,9,1,29591,0,0.36,0.18,0.448301886792453,1230.32846393891,57,57,57,40,96.2780288764975,61.4365694439653,3.54713789139064,34.8414556417024,0.174834361346464,98.0978044249577,1.10946743423685,0.00588812013916684,96.9883395406837,1.89630777826057,20004.7738346936,11.1923808908435,-1936468.81084186,1660221.80710727,-17.3955953,14.7484062,189.25092170508,1065.23908650125,0.08881063447775,c(-1936468.81084186, 1660221.80710727)
"SEN","SN",4121,40170,40170,,1,,,2013,5,20,50,0,50,0,50,0,1,29543,0,0,0,0,5763.969781607,59,59,59,41,86.6397472784046,81.7930555991894,12.306927838703,4.84669110078239,1.05332481952592,86.9720846710295,0.788691731881591,0.0176140059036646,86.1833862545018,13.0103034854343,98.7705121547154,35.8954363281687,-1828518.84971541,1528946.32022572,-16.4258643,13.6050746,391.618549716639,1196.83604909853,0.163563496068337,c(-1828518.84971541, 1528946.32022572)
"SEN","SN",4125,40182,40182,56629,1,,,2013,,,50,0,50,0,50,0,1,13477,0,0,0,0,630.600983439434,61,61,61,42,47.8853241636718,39.9780835548407,37.3694433311321,7.90724010480715,14.7452320567951,38.8258596073521,31.450561797317,0.323759664658645,7.37529747812323,60.8503821583177,29.0869712262835,21.4796520192055,-1669121.99592555,1510794.42923223,-14.993978,13.446536,380.04596905354,1170.07749381715,0.162354663210697,c(-1669121.99592555, 1510794.42923223)
"SEN","SN",4125,,24872,,4,,,2013,5,20,50,0,50,0,50,0,1,29612,0,0,0,0,630.600983439434,62,62,62,43,47.423011718652,39.8415062642532,37.9714083553855,7.5815050746142,14.6055796733994,38.5638975597937,31.6183659071279,0.353906156321681,6.94553143386894,61.0821973879527,29.0869712262835,14.7996666624006,-1669099.73202739,1511424.63707029,-14.993778,13.452042,380.04596905354,1170.07749381715,0.162354663210697,c(-1669099.73202739, 1511424.63707029)
"SEN","SN",4119,,2067,,4,,,2013,5,20,10,0,10,0,10,1,1,29558,0,0,0.1,0.0943396226415094,5269.99876294569,64,64,64,44,94.0405534941711,78.2315901050547,5.54337817953424,15.8089667256697,0.416069649851174,27.6470721369499,2.67878454095583,0.0736296914378221,24.9682868700405,72.2792984384714,1255.52207463728,6.44720869119887,-1917652.88919519,1672200.68512397,-17.226569,14.852444,206.793014209503,1120.6618418411,0.092249747975349,c(-1917652.88919519, 1672200.68512397)
"SEN","SN",4123,40177,40177,,4,,,2013,5,20,50,0,50,0,50,0,1,29605,0,0,0,0,18549.7861460232,65,65,65,45,23.9420688046695,11.2107699011048,74.8849659519628,12.7312985951057,1.17296460376598,36.0169397577726,20.2685805270329,0.201348313880396,15.7483585239384,63.7817109263499,263.969948556083,15.7663777344015,-1763469.27187451,1580938.48054019,-15.841514,14.058583,309.741770520477,1202.63553691306,0.128740761554231,c(-1763469.27187451, 1580938.48054019)
"SEN","SN",4119,40157,40157,,3,,,2013,5,20,50,0,50,1,50,0,1,29585,0,0.02,0,0.0188679245283019,446.711558129021,66,66,66,46,97.1480599650029,80.8548254442088,2.82028401006054,16.2932354679228,0.0316537806551144,96.1770682583863,0.913009751790313,0.00903523351167848,95.2640605805248,3.81389724598226,18838.281957404,7.70735484159853,-1928106.12333915,1663953.19018707,-17.320472,14.780819,,,,c(-1928106.12333915, 1663953.19018707)
"SEN","SN",4119,40157,40157,,3,,,2013,5,20,28,0,28,2,28,1,1,29582,0,0.0714285714285714,0.0357142857142857,0.0986715440893338,446.711558129021,67,67,67,47,97.2635162611506,79.8489158604191,2.70645081816416,17.4146021441651,0.0300303807107384,96.1883554950179,0.958556626143069,0.00941571067189589,95.2298012431843,3.80222912409215,20005.0048337054,8.22929177920012,-1928395.22005674,1663612.6401848,-17.323069,14.777861,,,,c(-1928395.22005674, 1663612.6401848)
"SEN","SN",4131,40218,40218,,1,,,2013,5,20,50,0,50,22,50,0,1,29640,0,0.44,0,0.415094339622641,7042.26220031249,68,68,68,48,77.7880587907468,74.3404766216873,21.8676678928155,3.44758143112064,0.344273257276842,99.1635721615588,0.232364006747757,0.00457293561945019,98.9312093908157,0.831855227509493,437.892677490234,25.1866964635136,-1902656.77342365,1668159.91817074,-17.0918566,14.8173551,221.718285378772,1212.58367184675,0.091407363671329,c(-1902656.77342365, 1668159.91817074)
"SEN","SN",4126,40188,40188,16237,1,,,2009,,,0,0,0,0,0,0,1,13490,,,,,32257.306755101,70,70,70,50,65.6740104875248,46.6589345500512,42.2786725235338,19.0150766083532,7.48639469830844,43.9203649905729,16.6838707409216,1.72809155609958,27.2364946028415,69.7906190324209,58.7954283883231,7.7713686959327,-1776953.35726651,1795818.75965317,-15.9626436,15.9230977,139.187067034645,1379.76825326722,0.0504470410997985,c(-1776953.35726651, 1795818.75965317)
"SEN","SN",4131,40218,40218,,3,,,2013,5,20,50,4,50,13,50,3,1,29639,0.08,0.26,0.06,0.339667924528302,7709.96339283736,73,73,73,52,79.0683871350751,72.3596096096304,20.4763573663105,6.7087783384606,0.455255015186853,95.4753544951004,0.807537219948144,0.00857796571884862,94.6678168807496,4.51606849072364,437.892677490234,53.8949659136019,-1901904.1868742,1660486.7735087,-17.085096,14.750708,225.168944189661,1205.67246379395,0.093350734634825,c(-1901904.1868742, 1660486.7735087)
"SEN","SN",4129,40183,40183,,3,,,2013,5,20,56,6,56,0,56,0,1,29626,0.107142857142857,0,0,0.101078167115903,10424.3823824431,75,75,75,54,72.732677748348,69.5933242957046,6.15570463100175,3.13935347160529,21.1116185802222,5.88579022937777,5.88206615683997,0.0961547412671077,0.0037240953499065,94.018052067748,59.6713144618443,41.9679911119985,-1746030.73968328,1423751.0402196,-15.684861,12.684861,528.49452491947,1070.4887513239,0.24677446337829,c(-1746030.73968328, 1423751.0402196)
"SEN","SN",4127,40196,40196,,3,,,2013,5,20,50,0,50,0,50,1,1,29615,0,0,0.02,0.0188679245283019,9115.00098722549,76,76,76,55,74.7685736524511,65.3005216727082,23.557206113778,9.46804522950574,1.6742238199151,76.8003598191144,0.824591608485365,0.103366620806324,75.9757702446278,23.0962727872016,51.3773727722168,20.7446152688007,-1505354.88364248,1796233.57030025,-13.522833,15.926681,144.980652661625,1571.47661780042,0.0461099573084941,c(-1505354.88364248, 1796233.57030025)
"SEN","SN",4129,40183,40183,,1,,,2013,5,20,52,27,52,0,52,0,1,29624,0.519230769230769,0,0,0.489840348330914,5995.9269239424,77,77,77,56,67.9642358782514,67.4597780141762,17.3459806657935,0.50445763670593,14.6897846834028,39.7048211134665,38.3967569017464,0.0292806421461032,1.30806376886371,60.2658987242512,94.5252578037807,14.9205739999878,-1752259.84442959,1405473.12232493,-15.740818,12.524625,572.977415825215,1052.4151059691,0.272149599575597,c(-1752259.84442959, 1405473.12232493)
"SEN","SN",4130,40207,40207,16234,1,,,2008,,,0,0,0,0,0,0,1,19815,,,,,73883.5275362724,78,78,78,57,40.8043865176465,34.2933842260308,40.6625239186317,6.51100225611364,18.5330916433979,49.5479383578455,44.8742288478871,0.128425555789962,4.67370816400286,50.323638879077,6.22319986288888,105.899600000001,-1385076.84550812,1589197.34073879,-12.442357,14.1305401,346.383121637358,1311.96857823955,0.131965648750253,c(-1385076.84550812, 1589197.34073879)
"SEN","SN",4131,40216,40216,,3,,,2013,5,20,50,0,50,0,50,0,1,29636,0,0,0,0,18813.9984106071,80,80,80,58,60.1570423107775,29.581974840362,34.1828885884165,30.575069534462,5.66006885641192,94.4884352132894,0.367048352983943,0.0686136878288069,94.1213841184099,5.44295184140501,141.526279087612,39.9883600000012,-1838152.29373332,1712447.7084808,-16.512403,15.201625,194.431399548079,1260.22256623053,0.0771263522677075,c(-1838152.29373332, 1712447.7084808)
"SEN","SN",4129,40202,40202,56610,1,,,2013,,,51,6,51,0,51,6,1,13505,0.117647058823529,0,0.117647058823529,0.208918195469087,520.279937940974,81,81,81,59,66.0551252605232,65.3163316666661,9.70960552615709,0.738793859417386,24.2352684197585,5.05320173441871,1.87461181090522,0.0473445851663033,3.17858991114733,94.8994511347529,51.9390861424037,39.14512894977,-1740754.48525035,1466501.22608858,-15.6374636,13.059241,457.223845023198,1125.09184386995,0.203150451761198,c(-1740754.48525035, 1466501.22608858)
"SEN","SN",4123,40175,40175,,3,,,2013,5,20,50,0,50,0,50,0,1,29561,0,0,0,0,7704.2089680301,83,83,83,60,24.6935516037903,20.8643693771967,74.1562929627226,3.82918203511837,1.15015265824715,100,4.5680126390147e-09,1.00917956865847e-10,100,2.34865366942137e-08,95.7366878051758,30.2853643551999,-1771569.3233026,1610192.34972474,-15.914278,14.313361,280.521167497683,1224.75552101865,0.114488992314681,c(-1771569.3233026, 1610192.34972474)
"SEN","SN",4123,40178,40178,56661,1,,,2013,,,50,0,50,0,50,0,1,13473,0,0,0,0,2042.96674484459,84,84,84,61,62.7186673449139,58.0054801894258,33.9412360177901,4.71318550863721,3.34009698001292,46.2389982467006,4.02479577193176,0.0563946042017336,42.2141999026112,53.7046110051302,159.732458156041,24.5215999999966,-1758847.95453372,1544830.49912877,-15.8,13.74372,333.131500033354,1210.73389261815,0.137523644248929,c(-1758847.95453372, 1544830.49912877)
"SEN","SN",4123,,2062,,4,,,2013,5,20,50,0,50,0,50,0,1,29610,0,0,0,0,3746.52235209338,85,85,85,62,40.9762437523675,36.5946974503924,54.4462693660572,4.38154641125531,4.57748779226768,96.9101001711632,0.096493718461025,0.00441676111044206,96.81360583925,3.08548176481114,151.789420162486,28.2748494336003,-1747763.98415493,1556920.62483368,-15.700431,13.849194,328.269753124663,1202.31953020218,0.136474346614723,c(-1747763.98415493, 1556920.62483368)
"SEN","SN",4122,40174,40174,,1,,,2013,5,20,50,0,50,0,50,1,1,29601,0,0,0.02,0.0188679245283019,6732.65218073814,86,86,86,63,73.0662138888385,70.4066845875028,23.5028580164578,2.659528463325,3.43092899912055,98.9905921192926,0.524297701564215,0.00415078139332333,98.4662922844757,1.00525728668231,29.080799924578,45.0158822400001,-1702593.76305625,1584364.99503592,-15.29466,14.08844,298.079356125221,1215.2611162125,0.122602748512984,c(-1702593.76305625, 1584364.99503592)
"SEN","SN",4119,40157,40157,,3,,,2013,5,20,50,0,50,8,50,2,1,29581,0,0.16,0.04,0.182641509433962,1024.65147206727,87,87,87,64,96.1768819002055,82.5334156363591,3.78765900260412,13.6434668792462,0.0354574566211814,96.5985342933816,0.715562439555978,0.00820993685753424,95.882973094582,3.39325695203787,18963.1198350622,8.5328976895945,-1928750.88582983,1664749.55189498,-17.326264,14.787736,,,,c(-1928750.88582983, 1664749.55189498)
"SEN","SN",4129,40202,40202,,3,,,2013,5,20,50,2,50,0,50,0,1,29619,0.04,0,0,0.0377358490566038,0,89,89,71,65,63.9144103088299,62.8178695199981,22.5333438662084,1.09654385173806,13.5522456355265,5.42422271423173,4.56165784287467,0.0508127600507284,0.8625646370164,94.5249614815266,51.9390861424037,14.3462159967962,-1765462.22471819,1455610.17328389,-15.859417,12.963917,505.235960377895,1110.73442776305,0.227366744686345,c(-1765462.22471819, 1455610.17328389)
"SEN","SN",4129,40183,40183,,3,,,2013,5,20,53,22,53,0,53,0,1,29568,0.415094339622642,0,0,0.391598433606266,5995.9269239424,90,90,90,66,74.0259588118155,73.75170945261,16.3299999216414,0.274251922430956,9.64403918372801,39.4677349949044,34.7383633845736,0.0621122407561266,4.72937241222376,60.4701526467603,94.5252578037807,16.4941869968032,-1753710.22607514,1411290.98557182,-15.753847,12.575639,572.977415825215,1052.4151059691,0.272149599575597,c(-1753710.22607514, 1411290.98557182)
"SEN","SN",4128,40201,40201,16245,1,,,2009,,,0,0,0,0,0,0,1,13503,,,,,49067.495665269,92,92,92,68,70.3922210506202,64.5131749006774,29.0083722335013,5.87904459915353,0.599409162589004,85.0508066806302,0.00891520976554575,0.881837535811899,85.0418911167523,14.0673566901433,328.458855869838,8.91307007795399,-1822128.09793651,1814972.39994056,-16.3684552,16.0884876,116.056823893336,1358.74862239155,0.0427058429266818,c(-1822128.09793651, 1814972.39994056)
"SEN","SN",4123,40177,40177,,4,,,2013,5,20,50,0,50,0,50,0,1,29606,0,0,0,0,7762.12098504708,94,94,94,69,79.5039997606848,78.0942215276717,18.0080980571945,1.40977482447686,2.4879031794775,78.210079100756,44.4005172959082,0.0283836024673344,33.8095617688856,21.7615385080553,263.969948556083,16.5497600000001,-1779647.66742997,1569030.4621329,-15.986847,13.954792,319.079075754792,1207.24731543593,0.132112788794312,c(-1779647.66742997, 1569030.4621329)
"SEN","SN",4122,40174,40174,,3,,,2013,5,20,50,0,50,1,50,0,1,29600,0,0.02,0,0.0188679245283019,6732.65218073814,95,95,95,70,57.7163888922717,56.7100313257664,35.2679350220637,1.00635552488009,7.01567679573109,54.1892571093537,14.2733621801579,0.122217336198314,39.9158928255539,45.688526186874,29.080799924578,25.3449999999986,-1700433.05173995,1577988.48094165,-15.27525,14.032875,306.410177469916,1205.95849169866,0.126987656160504,c(-1700433.05173995, 1577988.48094165)
"SEN","SN",4131,40218,40218,,3,,,2013,5,20,50,2,50,10,50,0,1,29641,0.04,0.2,0,0.218867924528302,5535.15770030451,96,96,96,71,86.6963670861386,67.1110125976177,13.1404086852274,19.5853548025455,0.163224676307391,86.4711740457742,1.28886150480685,0.0447674784167821,85.1823124405637,13.4840579340762,437.892677490234,10.1045725312039,-1907032.67581504,1675204.89113305,-17.131166,14.878528,,,,c(-1907032.67581504, 1675204.89113305)
"SEN","SN",4131,40221,40221,,3,,,2013,5,20,50,0,50,7,50,0,1,29547,0,0.14,0,0.132075471698113,858.755212341423,97,97,97,72,97.2220459001278,8.86181315462771,2.7546909384711,88.3602293336778,0.0232663044403551,99.3067356876587,0.17779581842905,0.00353419750049722,99.128936531414,0.689733039281529,207.110335903382,19.7974961407947,-1900856.22518787,1676807.80506424,-17.075682,14.892444,216.896070746433,1191.43144472116,0.0910041589216565,c(-1900856.22518787, 1676807.80506424)
"SEN","SN",4123,40175,40175,,3,,,2013,5,20,50,0,50,0,50,0,1,29603,0,0,0,0,5874.04260860481,98,98,98,73,58.9699920382149,52.1577291365805,36.7151298905117,6.81226487251533,4.31487751786403,48.2717735968292,12.1991680862247,0.10728117886159,36.0726055684884,51.6209434388291,95.7366878051758,10.9176838240002,-1784445.0922052,1599778.10020193,-16.029943,14.222694,281.1056613373,1237.36352525564,0.11355758752202,c(-1784445.0922052, 1599778.10020193)
"SEN","SN",4131,40215,40215,,1,,,2013,5,20,50,1,50,5,50,0,1,29630,0.02,0.1,0,0.111320754716981,2976.28620261236,99,99,99,74,87.2027338557488,79.2138947107996,11.9555751410786,7.98884181923891,0.841687698371372,80.6273681394252,16.7187101034025,0.0256504145091985,63.9086528594175,19.3469845046142,342.805723092215,14.9227186901755,-1888576.97290863,1622773.25556557,-16.9653756,14.4228422,249.912488760546,1204.08406555324,0.103769815762951,c(-1888576.97290863, 1622773.25556557)
"SEN","SN",4129,40202,40202,,3,,,2013,5,20,51,6,51,0,51,6,1,29621,0.117647058823529,0,0.117647058823529,0.208918195469087,520.279937940974,100,100,100,75,66.3930031913421,65.9285501716171,9.76874336494228,0.464453052392659,23.8382527583042,4.9149409024928,1.54595329099915,0.0474524087308793,3.36898757322656,95.0376036477265,51.9390861424037,38.879630134402,-1740942.5483981,1466986.32758959,-15.639153,13.063486,457.223845023198,1125.09184386995,0.203150451761198,c(-1740942.5483981, 1466986.32758959)
"SEN","SN",4131,40216,40216,,1,,,2013,5,20,50,0,50,0,50,1,1,29571,0,0,0.02,0.0188679245283019,18813.9984106071,102,102,102,76,83.3656554068208,17.643700276543,14.1279339436985,65.7219573090277,2.50641154329903,99.7703930028382,0.0932077904100386,0.00209072701253198,99.6771830309402,0.227517638629692,141.526279087612,28.2499999999987,-1831205.62354935,1694963.13500732,-16.45,15.05,208.787450416748,1227.70350759433,0.0850302191637045,c(-1831205.62354935, 1694963.13500732)
"SEN","SN",4130,40210,40210,16236,3,,,2009,,,0,0,0,0,0,0,1,13510,,,,,158530.963123067,104,104,104,78,21.4552520928557,14.8173382634469,78.4428533899154,6.63791379004532,0.101896873378909,56.6916328402744,25.1227414131086,1.77586354426257,31.5688930675615,41.5325043395657,9.80902884401594,138.957408000079,-1387274.62621485,1409324.84438075,-12.4621,12.5584,569.903574536055,1184.08497527366,0.240587844193782,c(-1387274.62621485, 1409324.84438075)
"SEN","SN",4123,,2062,,4,,,2013,5,20,50,0,50,0,50,0,1,29545,0,0,0,0,3746.52235209338,107,107,107,79,41.4307611564812,39.5198981468466,52.5357118493592,1.91086198049384,6.03352934444272,98.506601430551,0.140271589295784,0.00207321063442498,98.3663290920654,1.49132857439094,159.732458156041,28.6796750672007,-1746531.67739185,1553382.56748869,-15.689361,13.818333,328.269753124663,1202.31953020218,0.136474346614723,c(-1746531.67739185, 1553382.56748869)
"SEN","SN",4123,40177,40177,,4,,,2013,5,20,50,0,50,0,50,0,1,29607,0,0,0,0,7219.76452995039,108,108,108,80,42.1583496055724,41.7352072844106,49.7128723270707,0.423143693526446,8.12877767974915,12.9244487824756,7.66617963558926,0.20269846336685,5.25826926694224,86.8728515219335,263.969948556083,9.9624703103996,-1799315.70638282,1584805.49249127,-16.163528,14.092278,292.681274243394,1225.33778170378,0.119409238061374,c(-1799315.70638282, 1584805.49249127)
"SEN","SN",4131,40221,40221,,1,,,2013,5,20,50,0,50,0,50,0,1,29646,0,0,0,0,40794.2370227318,109,109,109,81,69.9838921626029,61.9859417745088,27.3131272100316,7.99795219036387,2.70297841435831,92.6540632897228,4.40403453550289,0.0277266160815075,88.2500291144154,7.31821020067009,65.9586297433036,43.1429889760011,-1789250.30934478,1756922.0407189,-16.073109,15.58681,182.83610424153,1279.84665312557,0.0713891743123945,c(-1789250.30934478, 1756922.0407189)
"SEN","SN",4129,40202,40202,56612,3,,,2013,,,50,5,50,2,50,0,1,13508,0.1,0.04,0,0.128301886792453,0,114,114,92,68,60.6461635388996,57.5755005904266,31.8938364931112,3.07066470268684,7.46000066985281,61.93432769703,60.9973999088212,0.0241349232311105,0.936925831871448,38.0415372199033,51.9390861424037,25.3113191552002,-1741021.36259758,1481673.15003755,-15.639861,13.191972,433.786934373084,1143.19005121702,0.18969486440845,c(-1741021.36259758, 1481673.15003755)
"SEN","SN",4123,40175,40175,,3,,,2013,5,20,50,0,50,0,50,0,1,29604,0,0,0,0,7704.2089680301,119,119,119,86,91.2790928195264,84.1168857113451,6.38452611497077,7.16220768307164,2.3363797416886,100,1.38248094915929e-08,5.04686555008722e-11,100,1.4280190545519e-08,95.7366878051758,34.5810459104006,-1766995.87334285,1603992.47946088,-15.873194,14.259389,280.521167497683,1224.75552101865,0.114488992314681,c(-1766995.87334285, 1603992.47946088)
"SEN","SN",4119,40157,40157,,3,,,2013,5,20,50,0,50,31,50,39,1,29576,0,0.62,0.78,0.864528301886792,2137.77913200714,121,121,121,88,93.9874705585356,82.3520201177824,6.92103997225048,11.6354525686911,0.0197944254536753,99.2491438130799,0.725108542380178,0.00644417519247611,98.5240361277159,1.67271772500491,18609.0847958897,8.90729795839614,-1934086.42902355,1665157.35601925,-17.374194,14.791278,,,,c(-1934086.42902355, 1665157.35601925)
"SEN","SN",4127,40196,40196,,1,,,2013,5,20,50,0,50,0,50,0,1,29616,0,0,0,0,5858.52534817553,122,122,122,89,46.9995300379092,46.8678756342285,46.0323702748695,0.131655145623803,6.96809784937174,62.4150173723657,57.8224693745279,0.818543319789372,4.59254681445953,36.7664409533958,51.3773727722168,19.7949338682435,-1527973.61267803,1809849.62026825,-13.7260205,16.0442663,144.013063322855,1589.0383504044,0.0452978669616275,c(-1527973.61267803, 1809849.62026825)
"SEN","SN",4119,40157,40157,,3,,,2013,5,20,50,0,50,20,50,1,1,29584,0,0.4,0.02,0.388679245283019,1433.28301848877,125,125,125,91,97.6430630082303,77.6305388306978,2.3253097634327,20.0125279854458,0.0316241419315599,96.2259720041503,1.00725028416094,0.01060884738998,95.2187249272622,3.76341837875306,20005.0048337054,7.49563053440162,-1929624.40987408,1662875.48850161,-17.334111,14.771458,205.34615384613,1095,0.0937211533578545,c(-1929624.40987408, 1662875.48850161)
"SEN","SN",4119,40157,40157,,1,,,2013,5,20,50,1,50,27,50,27,1,29589,0.02,0.54,0.54,0.747766037735849,726.293389234533,127,127,127,92,96.7252313413734,69.239613370198,3.17195607784269,27.4856144946927,0.102813915410426,97.6557092700857,1.48908019217987,0.00713486401500314,96.1666337803127,2.33715481271658,18149.3471292407,11.7870446238715,-1936263.79373567,1661434.93369396,-17.3937536,14.7589446,189.25092170508,1065.23908650125,0.08881063447775,c(-1936263.79373567, 1661434.93369396)
"SEN","SN",4119,40157,40157,,3,,,2013,5,20,50,0,50,30,50,38,1,29577,0,0.6,0.76,0.852830188679245,1200.66776310789,132,132,132,93,,,8.01002872006623,19.3157132496399,0.0256783219455604,,1.50560774695061,0.00972176209437535,,2.77069382109944,16076.6210535714,11.2304891135989,-1935120.809732,1663286.48558888,-17.383486,14.775028,,,,c(-1935120.809732, 1663286.48558888)
"SEN","SN",4128,40200,40200,16244,1,,,2010,,,0,0,0,0,0,0,1,19811,,,,,1401.85774505906,135,135,135,94,64.5448179772818,43.5584771790912,21.879753861234,20.986338447046,13.5754291144391,93.0781981453387,31.2423814891372,0.234120920720195,61.8358211893379,6.6876776449752,42.2999992370605,7.77989999999903,-1747053.14241452,1857925.08107647,-15.6940454,16.4588779,104.848289112806,1450.19294948999,0.0361566617523319,c(-1747053.14241452, 1857925.08107647)
"SEN","SN",4125,,24872,,4,,,2013,5,20,50,0,50,0,50,0,1,29614,0,0,0,0,19521.7300012096,140,140,140,95,54.2064257468265,44.8377002967163,33.8747315847875,9.36872689006791,11.9188413017149,27.4359861253521,18.7692634003728,0.107487731371113,8.66672270931608,72.4565254303054,29.0869712262835,33.1367632895994,-1629491.5892862,1464129.54825975,-14.637972,13.038486,451.333714776851,1119.49863652287,0.20153794343498,c(-1629491.5892862, 1464129.54825975)
"SEN","SN",4121,40170,40170,,3,,,2013,5,20,50,0,50,0,50,0,1,29598,0,0,0,0,2724.08798409952,141,141,141,96,62.7557162781767,60.2449696103376,33.9655696672238,2.51075120740732,3.27871130317632,76.3251111448109,4.72875774788672,0.0625477877674055,71.5963529405117,23.6123411902503,98.7705121547154,40.2194304000019,-1828956.0792794,1534693.68292104,-16.429792,13.65525,382.012383426572,1209.13679265166,0.157920812943822,c(-1828956.0792794, 1534693.68292104)
"SEN","SN",4122,40174,40174,,3,,,2013,5,20,50,0,50,0,50,0,1,29602,0,0,0,0,10850.2891324224,142,142,142,97,30.0654443319598,27.5832807161293,63.0972646907423,2.48216355633454,6.83729370063865,91.9902388297295,1.41898946894742,0.0117167799421737,90.5712481145537,7.99804423092384,29.080799924578,44.6833878656016,-1686654.14780854,1574842.73766294,-15.151472,14.005458,308.11788837934,1215.18927410691,0.126734797276432,c(-1686654.14780854, 1574842.73766294)
"SEN","SN",4119,,2067,,4,,,2013,5,20,50,0,50,0,50,1,1,29552,0,0,0.02,0.0188679245283019,4167.41454835983,143,143,143,98,94.095652504465,74.2830299730308,5.75638576427823,19.8126232986028,0.147960961340979,87.0696813093024,6.85353801571137,0.044834295208737,80.216141648787,12.885484013881,1255.52207463728,38.1013896128027,-1911668.01941167,1659740.15974503,-17.172806,14.744222,218.548283058893,1184.0908997093,0.0922524839148125,c(-1911668.01941167, 1659740.15974503)
"SEN","SN",4129,40183,40183,,3,,,2013,5,20,52,21,52,0,52,0,1,29569,0.403846153846154,0,0,0.380986937590711,1583.68706370311,144,144,144,99,73.4152691385956,69.141493601956,10.6685289504162,4.2737771282364,15.9162011715037,6.65461716884029,4.69632815516751,0.0652179774920613,1.95828881546285,93.2801673826193,94.5252578037807,10.9286469248046,-1767150.49611556,1411072.34150722,-15.874583,12.573722,583.3629331877,1043.9040957257,0.279357998440407,c(-1767150.49611556, 1411072.34150722)
"SEN","SN",4127,40196,40196,,1,,,2013,5,20,50,0,50,0,50,0,1,29617,0,0,0,0,77513.5281214192,145,145,145,100,71.1009582924359,61.5855107250232,27.4181254833527,9.51545099133694,1.48091496274334,87.161236836351,8.99976550502,0.230105715632954,78.1614695512629,12.6086592192268,27.7652567269462,41.7753443430272,-1462354.29055131,1731740.9657968,-13.1365521,15.3688083,220.430070835384,1469.32942599616,0.074995153629797,c(-1462354.29055131, 1731740.9657968)
"SEN","SN",4131,40215,40215,,1,,,2013,5,20,50,0,50,9,50,7,1,29631,0,0.18,0.14,0.27811320754717,14106.8436707543,146,146,146,101,80.541628736179,52.8072195994895,19.3709646345249,27.734410342527,0.0874068672439354,76.3481214435612,17.3792188737715,0.147368036601632,58.9689066435242,23.5045077673096,342.805723092215,9.38623069600138,-1900737.3359717,1629923.68272241,-17.074614,14.4850425,230.077994380178,1163.23299531987,0.098917406440639,c(-1900737.3359717, 1629923.68272241)
"SEN","SN",4131,40221,40221,,1,,,2013,5,20,50,0,50,0,50,0,1,29550,0,0,0,0,9122.69931583916,150,150,150,102,83.6790302793628,79.9288662176011,15.2403351802418,3.75016748552415,1.08063322375768,99.7056257769082,0.169504951683674,0.00269965430296788,99.5361255796151,0.291671420659662,141.526279087612,55.3550280585905,-1878885.62049161,1693743.83765638,-16.8783167,15.0394223,205.340330120428,1238.94859766775,0.0828609368629395,c(-1878885.62049161, 1693743.83765638)
"SEN","SN",4119,40157,40157,,3,,,2013,5,20,50,0,50,32,50,26,1,29554,0,0.64,0.52,0.780377358490566,0,151,151,117,84,97.213684417897,75.2200184369351,2.6872389401683,21.9936687221122,0.0990753716818006,97.1096897816888,0.937244834561303,0.00950629330698866,96.1724494275487,2.88080182732475,19816.4084623445,9.72738359999898,-1932742.91408916,1662084.02153524,-17.362125,14.764583,205.34615384613,1095,0.0937211533578545,c(-1932742.91408916, 1662084.02153524)
"SEN","SN",4130,40212,40212,16247,1,,,2010,,,0,0,0,0,0,0,1,13511,,,,,72217.4740560503,152,152,152,103,82.548150586837,77.6358384402307,10.8538654297578,4.91230731797136,6.59798760079417,37.996791911865,10.5746043497852,0.0341945410870577,27.4221867148583,61.9690111580254,20,37.3172160000036,-1521849.41541984,1548139.08856225,-13.6710059,13.7725888,372.795415669576,1202.89584952223,0.154898806796614,c(-1521849.41541984, 1548139.08856225)
"SEN","SN",4131,40216,40216,,3,,,2013,5,20,50,0,50,0,50,0,1,29637,0,0,0,0,25265.5226619605,155,155,155,104,48.213311753306,47.3137283290264,47.1884452507986,0.899585798781039,4.59824108780134,78.1128444965924,4.59787348925571,0.160512682887113,73.514969909701,21.7266435378973,141.526279087612,42.5438511936,-1807095.82559436,1687409.04486015,-16.233418,14.984458,212.528480200051,1233.91982691565,0.0861160255155585,c(-1807095.82559436, 1687409.04486015)
"SEN","SN",4119,40157,40157,,1,,,2013,5,20,50,0,50,18,50,22,1,29587,0,0.36,0.44,0.605283018867925,0,158,158,123,105,97.539722442627,31.8051948547363,2.44723366200924,65.734525680542,0.013044949475443,98.1567802429199,1.96976464986801,0.0122940961737186,96.1870155334473,1.83092600107193,17872.4557616107,8.5,-1939897.25078321,1651076.59802167,-17.4263935,14.6689456,,,,c(-1939897.25078321, 1651076.59802167)
"SEN","SN",4119,40157,40157,,1,,,2013,5,20,50,0,50,20,50,15,1,29541,0,0.4,0.3,0.547169811320755,1066.31874586259,159,159,159,106,96.8061700081194,70.6786449197878,3.03493007573749,26.1275244357222,0.158900306679545,97.725284104458,1.0032600130002,0.00729290541347458,96.7220286328484,2.26742118965319,19006.7922725065,9.58026583484814,-1934124.34444211,1661119.82410021,-17.3745346,14.7562073,205.34615384613,1095,0.0937211533578545,c(-1934124.34444211, 1661119.82410021)
"SEN","SN",4127,40196,40196,,1,,,2013,5,20,50,0,50,0,50,0,1,29567,0,0,0,0,9115.00098722549,161,161,161,107,70.8889989390064,50.2097920245592,28.1814971549058,20.6792079425399,0.929500838795758,94.2988539694419,13.741817803595,0.059940388268146,80.5570344987888,5.64120784359645,51.3773727722168,21.5229696118425,-1513312.00084438,1800679.63921922,-13.594313,15.9650839,146.879393354347,1576.89199222669,0.0465473864389594,c(-1513312.00084438, 1800679.63921922)
"SEN","SN",4123,40177,40177,,4,,,2013,5,20,50,0,50,0,50,0,1,29608,0,0,0,0,7219.76452995039,163,163,163,108,60.7681092843628,59.7775501618584,34.1587053659237,0.99055806561408,5.07318696792948,75.453225393991,3.45384426857767,0.0493255981426627,71.9993803642679,24.4974490589238,263.969948556083,3.98672000000085,-1792200.49848979,1583581.23087428,-16.099611,14.081611,289.788475258408,1234.12555634,0.117386076681208,c(-1792200.49848979, 1583581.23087428)
"SEN","SN",4119,40157,40157,,3,,,2013,5,20,50,0,50,3,50,6,1,29578,0,0.06,0.12,0.163018867924528,2073.10078320668,164,164,164,109,98.3206160842968,71.0926027542887,1.6633061960482,27.2280125401732,0.0160773216231362,92.5690791902412,4.97522580568895,0.0193063976889362,87.5938569404118,7.41161376733111,15837.077901948,12.6307349312013,-1939855.00503646,1662351.10286202,-17.426014,14.766903,189.25092170508,1065.23908650125,0.08881063447775,c(-1939855.00503646, 1662351.10286202)
"SEN","SN",4131,40215,40215,,1,,,2013,5,20,50,1,50,7,50,6,1,29633,0.02,0.14,0.12,0.24371320754717,3625.46997186456,165,165,165,110,78.3696310641964,65.704322707162,7.74715105180868,12.6653093637671,0.174071995184571,81.8283519321151,5.13315799437539,0.00482404868226161,76.6951884568018,4.45768299456007,342.805723092215,5,-1886232.07236286,1616618.13718216,-16.944311,14.369286,249.912488760546,1204.08406555324,0.103769815762951,c(-1886232.07236286, 1616618.13718216)
"SEN","SN",4131,40221,40221,,3,,,2013,5,20,50,0,50,1,50,0,1,29551,0,0.02,0,0.0188679245283019,10801.7458997792,170,170,170,111,93.1737443121314,91.6429587145809,6.05398331659963,1.5307903634621,0.772269174691124,96.343786298084,1.73727723039376,0.0105838041545201,94.6065109292486,3.64563090098204,141.526279087612,74.0059807104072,-1875860.21276667,1683374.42964139,-16.851139,14.949444,222.473067056886,1229.06155951964,0.090500712987478,c(-1875860.21276667, 1683374.42964139)
"SEN","SN",4119,,2067,,4,,,2013,5,20,50,0,50,0,50,0,1,29553,0,0,0,0,6969.33511647372,171,171,171,112,,58.6616422742994,30.9184459932631,51.4466105993618,1.54418233655343,,6.71204922688081,0.0758153426179306,,14.733214808458,1255.52207463728,16.7768875520269,-1911394.28478381,1648060.8349112,-17.170347,14.642736,223.003733376538,1159.57501925996,0.096131710012056,c(-1911394.28478381, 1648060.8349112)
"SEN","SN",4119,,2067,,4,,,2013,5,20,50,0,50,3,50,5,1,29555,0,0.06,0.1,0.145283018867925,4228.92197451958,172,172,172,113,97.7534932998596,68.5037608495206,2.19031616183507,29.2497316640503,0.0561917465877717,96.6734413980873,2.36060835409508,0.0127434070279767,94.3128344807988,3.31381543152293,1255.52207463728,13.2937333376039,-1926043.59581373,1658918.40382763,-17.301944,14.737083,205.34615384613,1095,0.0937211533578545,c(-1926043.59581373, 1658918.40382763)
"SEN","SN",4131,40215,40215,,1,,,2013,5,20,50,4,50,13,50,0,1,29629,0.08,0.26,0,0.301132075471698,2976.28620261236,173,173,173,114,85.4721987380181,74.4483909028067,14.0403056664171,11.0238118859954,0.487490956428247,88.3553267387311,21.2238492552634,0.0137014269983336,67.1314711841952,11.6309754903789,342.805723092215,6.82800453414227,-1887312.85103508,1620078.76573469,-16.9540198,14.3993988,249.912488760546,1204.08406555324,0.103769815762951,c(-1887312.85103508, 1620078.76573469)
"SEN","SN",4128,40197,40197,,3,,,1990,1,99,238,0,238,4,238,0,3,30716,0,0.0168067226890756,0,0.0158553987632789,2860.98772014331,117,117,117,84,,,,,,,,,,,,9.00037868160021,-1747623.16499907,1855121.45396362,-15.699166,16.434723,104.848289112806,1450.19294948999,0.0361566617523319,c(-1747623.16499907, 1855121.45396362)
"SEN","SN",4119,40157,40157,,3,,,1986,0,5,124,0,124,47,124,67,3,30713,0,0.379032258064516,0.540322580645161,0.674108632909901,0,128,128,104,78,,,,,,,,,,,,12.2800106496004,-1935907.83853191,1662068.01977039,-17.390556,14.764444,189.25092170508,1065.23908650125,0.08881063447775,c(-1935907.83853191, 1662068.01977039)
"SEN","SN",4128,40197,40197,,1,,,1990,1,99,126,0,126,2,126,0,3,30721,0,0.0158730158730159,0,0.0149745432764301,2625.18267958258,112,112,112,82,,,,,,,,,,,,7.91203819520022,-1749368.7659342,1859161.79924011,-15.714847,16.469532,104.848289112806,1450.19294948999,0.0361566617523319,c(-1749368.7659342, 1859161.79924011)
"SEN","SN",4119,40157,40157,,3,,,1986,0,5,103,0,103,34,103,30,3,29060,0,0.330097087378641,0.29126213592233,0.495485321291819,885.431787721913,50,50,50,36,,,,,,,,,,,,14.9708236799953,-1936469.22272398,1663409.90115879,-17.395599,14.7761,,,,c(-1936469.22272398, 1663409.90115879)
"SEN","SN",,,2046,,4,,,1993,5,19,0,0,318,170,318,51,3,29303,,0.534591194968553,0.160377358490566,,1316.1897297475,18,18,18,15,,,,,,,,,,,,19.3168000000096,-1941077.96096231,1651658.21548845,-17.437,14.674,,,,c(-1941077.96096231, 1651658.21548845)
"SEN","SN",4128,40197,40197,,3,,,1990,1,99,127,0,127,1,127,0,3,30717,0,0.0078740157480315,0,0.00742831674342594,1401.85774505906,74,74,74,53,,,,,,,,,,,,8.38879113600032,-1745706.13204812,1858313.36989965,-15.681945,16.462223,104.848289112806,1450.19294948999,0.0361566617523319,c(-1745706.13204812, 1858313.36989965)
"SEN","SN",,,2046,,4,,,1986,0,5,118,0,118,32,118,27,3,30714,0,0.271186440677966,0.228813559322034,0.413159306857171,1688.34538713419,42,42,42,29,,,,,,,,,,,,7.0107999999958,-1939630.807582,1660290.16075736,-17.424,14.749,189.25092170508,1065.23908650125,0.08881063447775,c(-1939630.807582, 1660290.16075736)
