"id","x","y","AnnualPrecip","AnPET","AridityIndex"
1,3672077.1431,-1049802.7404,1154.47914625658,1808.05125397551,0.638072413656312
2,3672077.1431,-1059802.7404,1129.27948889793,1826.71960791497,0.618054220113855
3,3682077.1431,-1059802.7404,1194.466583056,1815.72493111913,0.657703384685578
4,3682077.1431,-1069802.7404,1180.67333721045,1809.44648534191,0.65239366748155
5,3692077.1431,-1069802.7404,1214.12010147051,1796.11205227817,0.675904871403135
6,3702077.1431,-1069802.7404,1228.15089546941,1777.88664429365,0.690621011045478
7,3712077.1431,-1069802.7404,1292.19740912001,1773.75052984677,0.728311209996388
8,3702077.1431,-1079802.7404,1170.23860242249,1760.24179088731,0.664784936104426
9,3712077.1431,-1079802.7404,1234.50334181857,1759.22639703284,0.701701659580418
10,3722077.1431,-1079802.7404,1422.0007537984,1565.44551396253,0.912588274245665
11,3732077.1431,-1079802.7404,1579.92302180364,1570.51818439144,1.00787829235421
12,3742077.1431,-1079802.7404,1813.93737330538,1699.21515012236,1.06577244976327
13,3752077.1431,-1079802.7404,2081.10676467389,1776.5896043761,1.17018580065653
14,3762077.1431,-1079802.7404,2076.09665332044,1840.32427764069,1.12758965507431
15,3702077.1431,-1089802.7404,1073.10829537328,1768.9096714977,0.606467921802776
16,3712077.1431,-1089802.7404,1126.49171956279,1759.16044154024,0.640103885529114
17,3722077.1431,-1089802.7404,1323.52602428552,1673.83098199091,0.79652698631895
18,3732077.1431,-1089802.7404,1483.65625249077,1619.79151537401,0.918921317881586
19,3742077.1431,-1089802.7404,1568.34114102586,1686.19858354151,0.929818084473607
20,3752077.1431,-1089802.7404,1712.30252036259,1733.63942423181,0.987006187087718
21,3762077.1431,-1089802.7404,1758.82155459854,1843.60329212362,0.954555689157995
22,3772077.1431,-1089802.7404,1629.67389420233,1913.8019851642,0.851382255586747
23,3712077.1431,-1099802.7404,1121.70627336923,1757.40020839678,0.638435548188675
24,3722077.1431,-1099802.7404,1231.60776691969,1733.81288943215,0.710478183241187
25,3732077.1431,-1099802.7404,1374.89645632125,1708.91099257701,0.8042579216298
26,3742077.1431,-1099802.7404,1492.38186539693,1708.49340868772,0.873062394486828
27,3752077.1431,-1099802.7404,1580.35377846233,1734.78606146297,0.910675366344975
28,3762077.1431,-1099802.7404,1536.88949283918,1851.57956199354,0.830726817171514
29,3772077.1431,-1099802.7404,1346.75078564177,1913.52535146683,0.703675294529926
30,3722077.1431,-1109802.7404,1261.42297019437,1664.94634757508,0.758614580911257
31,3732077.1431,-1109802.7404,1328.6459153471,1652.82387848555,0.80411192219222
32,3742077.1431,-1109802.7404,1384.19971688075,1686.95553513982,0.820297310361684
33,3752077.1431,-1109802.7404,1455.7316273085,1740.26339455766,0.83656595477462
34,3762077.1431,-1109802.7404,1366.12378615298,1864.88436241343,0.732993457143393
35,3772077.1431,-1109802.7404,1178.08475433256,1922.67781349133,0.612661972427705
36,3712077.1431,-1119802.7404,1230.4720591218,1499.48089369456,0.822282413893469
37,3722077.1431,-1119802.7404,1255.36998989433,1605.89439066846,0.781823131801323
38,3732077.1431,-1119802.7404,1278.00764260042,1623.51447191504,0.787194657895101
39,3742077.1431,-1119802.7404,1340.37146126302,1612.21619568583,0.832012230962719
40,3752077.1431,-1119802.7404,1369.29203694004,1710.70444718616,0.800726198870951
41,3762077.1431,-1119802.7404,1286.37003206526,1833.04390673804,0.702174406640985
42,3772077.1431,-1119802.7404,1176.73686112262,1897.72589896981,0.620306028789983
43,3722077.1431,-1129802.7404,1222.09856794202,1540.36405510876,0.793472211820801
44,3732077.1431,-1129802.7404,1262.47570690854,1591.98118333029,0.793538056049133
45,3742077.1431,-1129802.7404,1289.93092270405,1562.06903921181,0.827381903627039
46,3752077.1431,-1129802.7404,1317.07704165936,1650.92943836441,0.799159714787354
47,3762077.1431,-1129802.7404,1251.6573447676,1737.73682797172,0.720676712098184
48,3772077.1431,-1129802.7404,1190.84339453982,1832.43064993957,0.650087336046974
49,3782077.1431,-1129802.7404,1094.89117639584,1906.15252207091,0.574446125134989
50,3732077.1431,-1139802.7404,1209.57074150008,1625.28612151954,0.745782195860749
51,3742077.1431,-1139802.7404,1221.93658019617,1598.7830236779,0.765221595348278
52,3752077.1431,-1139802.7404,1222.96319070928,1688.77885553119,0.72484054869107
53,3762077.1431,-1139802.7404,1226.27128291907,1688.78334863115,0.727814835206697
54,3772077.1431,-1139802.7404,1192.67438995386,1747.86238430409,0.683238335457004
55,3782077.1431,-1139802.7404,1133.5195881757,1838.13789473028,0.61679516483754
56,3792077.1431,-1139802.7404,1078.61430539003,1897.27511126342,0.568592498904819
57,3742077.1431,-1149802.7404,1142.14819587325,1721.23683150805,0.663497188289895
58,3752077.1431,-1149802.7404,1159.90966746431,1720.76340162015,0.674100271959548
59,3762077.1431,-1149802.7404,1233.02937709933,1589.76224654744,0.780380645414289
60,3772077.1431,-1149802.7404,1259.48082892388,1609.72268455135,0.784917498765599
61,3782077.1431,-1149802.7404,1152.39175998556,1762.28125042647,0.655465549539288
62,3792077.1431,-1149802.7404,1110.63254848685,1845.06563757894,0.601869955976993
63,3802077.1431,-1149802.7404,1075.91312174857,1887.14152242632,0.570079213647616
64,3742077.1431,-1159802.7404,1114.97828790515,1716.46298127246,0.649522710614432
65,3752077.1431,-1159802.7404,1155.03595290976,1666.0739067355,0.695663938425193
66,3762077.1431,-1159802.7404,1219.24413626211,1492.34390319917,0.820417254678439
67,3772077.1431,-1159802.7404,1282.70948362272,1470.44063580188,0.875090059866662
68,3782077.1431,-1159802.7404,1274.93173999648,1592.67087599511,0.806347497287892
69,3792077.1431,-1159802.7404,1132.11186673132,1786.77310842775,0.635241565633784
70,3802077.1431,-1159802.7404,1104.50401744033,1843.9680572209,0.598893120983307
71,3752077.1431,-1169802.7404,1164.59663269487,1541.82570822162,0.758710499127912
72,3762077.1431,-1169802.7404,1181.11791802921,1327.462596255,0.889802675017132
73,3772077.1431,-1169802.7404,1238.92507193174,1299.0859731539,0.954084946324839
74,3782077.1431,-1169802.7404,1368.92777394305,1369.31865064531,1.00034753999305
75,3792077.1431,-1169802.7404,1264.02490896873,1624.33217589205,0.789457050743388
76,3802077.1431,-1169802.7404,1117.76901008362,1812.95075237869,0.616478908822793
77,3752077.1431,-1179802.7404,1153.99507193176,1446.24475449846,0.799849152289164
78,3762077.1431,-1179802.7404,1165.96031013147,1319.6150194282,0.883796598359027
79,3772077.1431,-1179802.7404,1232.97662017395,1294.01752384289,0.952555406617097
80,3782077.1431,-1179802.7404,1325.07102484151,1282.67311197933,1.0332789569689
81,3792077.1431,-1179802.7404,1400.28117353568,1436.78399505982,0.980766169928249
82,3802077.1431,-1179802.7404,1146.94437743332,1749.38464852555,0.65743632702117
83,3752077.1431,-1189802.7404,1148.40841924792,1391.79155422786,0.82522900304739
84,3762077.1431,-1189802.7404,1158.24155329502,1326.51372307268,0.873241405290119
85,3772077.1431,-1189802.7404,1201.3257293127,1292.21207347581,0.92970397594807
86,3782077.1431,-1189802.7404,1328.01940411157,1332.07159660278,0.997723393183413
87,3792077.1431,-1189802.7404,1370.18038678258,1491.69315083064,0.920781084823623
88,3802077.1431,-1189802.7404,1191.73318587906,1656.37737195109,0.724659966047388
89,3742077.1431,-1199802.7404,1104.59431724362,1499.28601908041,0.737928272858259
90,3752077.1431,-1199802.7404,1127.8443321799,1466.23420346677,0.769429693080481
91,3762077.1431,-1199802.7404,1147.68754573802,1400.37823384666,0.819850567047008
92,3772077.1431,-1199802.7404,1163.00688330427,1332.45038856141,0.874123950418745
93,3782077.1431,-1199802.7404,1263.98722550077,1269.5582479818,0.997232536576405
94,3792077.1431,-1199802.7404,1309.83467151658,1499.63606853308,0.874683474650927
95,3802077.1431,-1199802.7404,1152.42156581614,1629.4437089299,0.709753049463105
96,3732077.1431,-1209802.7404,927.537511035288,1737.60727657954,0.533849415184178
97,3742077.1431,-1209802.7404,1035.86985305394,1566.4413988099,0.6627740029027
98,3752077.1431,-1209802.7404,1067.11391749559,1525.73365949757,0.700615798103383
99,3762077.1431,-1209802.7404,1115.39217069804,1478.99717061934,0.755203381335156
100,3772077.1431,-1209802.7404,1149.25516351904,1401.31446132894,0.821215604364233
101,3782077.1431,-1209802.7404,1204.41906344096,1415.02447546917,0.858102750760093
102,3792077.1431,-1209802.7404,1143.50661270609,1565.09990815969,0.732172508748121
103,3802077.1431,-1209802.7404,1164.49319137625,1553.48764040445,0.752010644886676
104,3702077.1431,-1219802.7404,880.513707086486,1772.55053338055,0.496886320396638
105,3712077.1431,-1219802.7404,869.130888223726,1794.98701165743,0.484051670545827
106,3722077.1431,-1219802.7404,869.671965119422,1798.51407629877,0.483401051435332
107,3732077.1431,-1219802.7404,903.348731794659,1725.36826916418,0.523874176967243
108,3742077.1431,-1219802.7404,938.394374350647,1685.62146945004,0.557237553236051
109,3752077.1431,-1219802.7404,955.180163185566,1672.70981632955,0.572680287128368
110,3762077.1431,-1219802.7404,1019.89020513393,1572.89527376929,0.653981589987929
111,3772077.1431,-1219802.7404,1100.61010344101,1490.2845461093,0.739823863495445
112,3782077.1431,-1219802.7404,1013.03194249305,1619.4050158995,0.629408106718474
113,3792077.1431,-1219802.7404,1109.77608205955,1563.28253973221,0.715149456966521
114,3802077.1431,-1219802.7404,1217.49486327074,1496.36811374114,0.814660846749108
115,3712077.1431,-1229802.7404,848.720161215034,1803.57733663103,0.470430512120385
116,3722077.1431,-1229802.7404,844.520719540643,1805.56901448293,0.467576156308439
117,3732077.1431,-1229802.7404,864.894791450203,1740.02684563811,0.497174995494191
118,3742077.1431,-1229802.7404,877.806503545026,1736.02439774112,0.50558486078146
119,3752077.1431,-1229802.7404,851.631888245982,1782.85942776305,0.477581940443235
120,3762077.1431,-1229802.7404,874.531007267923,1729.04511833354,0.507600169712439
121,3772077.1431,-1229802.7404,961.462535521119,1626.53918050479,0.592830666159066
122,3782077.1431,-1229802.7404,937.786238444264,1661.10829388289,0.565431705717376
123,3792077.1431,-1229802.7404,1140.84501746222,1493.05993641473,0.765715355848965
124,3802077.1431,-1229802.7404,1173.58732763843,1500.27364182101,0.782591114502436
125,3712077.1431,-1239802.7404,835.258416832749,1813.12962204249,0.46053201343664
126,3722077.1431,-1239802.7404,833.461518592329,1809.76215471476,0.460398198322417
127,3732077.1431,-1239802.7404,844.737466449309,1746.55276934189,0.483609593943931
128,3742077.1431,-1239802.7404,846.524471435439,1755.88927940759,0.482008539737679
129,3752077.1431,-1239802.7404,835.912608008928,1771.51825503158,0.471738143734362
130,3762077.1431,-1239802.7404,844.951258321979,1735.94903213915,0.487306374753793
131,3772077.1431,-1239802.7404,881.232173780302,1661.05477922988,0.531591265791441
132,3782077.1431,-1239802.7404,979.725320348144,1592.47339455512,0.617674291728367
133,3792077.1431,-1239802.7404,1157.07863273913,1456.2045778905,0.795171711818921
134,3802077.1431,-1239802.7404,1189.21069955166,1484.16813847256,0.802254673048555
135,3722077.1431,-1249802.7404,830.553225856653,1800.33516072118,0.461183852917809
136,3732077.1431,-1249802.7404,835.809665049087,1773.10454256535,0.471225197665282
137,3742077.1431,-1249802.7404,841.827871027978,1766.87462027559,0.476292887659026
138,3752077.1431,-1249802.7404,848.815615543659,1749.06841751711,0.485250959216515
139,3762077.1431,-1249802.7404,890.973923215391,1681.8672518532,0.530301217314538
140,3772077.1431,-1249802.7404,897.079124297155,1660.78855175014,0.540201051897002
141,3782077.1431,-1249802.7404,1023.54332754936,1537.99574002316,0.66795676926358
142,3792077.1431,-1249802.7404,1153.90264754191,1487.19379018157,0.776228441749212
143,3802077.1431,-1249802.7404,1154.12899009447,1543.93361709468,0.747877731469376
144,3722077.1431,-1259802.7404,839.740297832951,1806.52650653445,0.464670878669669
145,3732077.1431,-1259802.7404,842.612491379901,1782.3758989749,0.472593286700975
146,3742077.1431,-1259802.7404,852.85686112244,1767.29108795365,0.482426502155593
147,3752077.1431,-1259802.7404,877.545933143182,1713.46578947074,0.512244719111487
148,3762077.1431,-1259802.7404,916.300101915168,1667.77073825372,0.549297120932555
149,3772077.1431,-1259802.7404,938.42688857941,1678.24698339731,0.559074385761304
150,3782077.1431,-1259802.7404,1025.58079422108,1558.72482514876,0.66054625936789
151,3792077.1431,-1259802.7404,1136.39984866812,1502.09826916164,0.756625712655605
152,3802077.1431,-1259802.7404,1159.11881416564,1524.1568138442,0.760885395259826
153,3712077.1431,-1269802.7404,843.817086912425,1787.82830802058,0.471826197583315
154,3722077.1431,-1269802.7404,851.632208483055,1802.75281172698,0.472233770317438
155,3732077.1431,-1269802.7404,854.355493861843,1774.31285411462,0.481348024017909
156,3742077.1431,-1269802.7404,867.521856180786,1754.49994701354,0.494352702569153
157,3752077.1431,-1269802.7404,902.867977773642,1682.56113387762,0.536930039280913
158,3762077.1431,-1269802.7404,947.885603022729,1655.33764747965,0.57263191903656
159,3772077.1431,-1269802.7404,982.06200268199,1668.44782761885,0.588590750483587
160,3782077.1431,-1269802.7404,1058.34492587515,1542.20530554031,0.687409594310036
161,3792077.1431,-1269802.7404,1143.58243449523,1489.44366654989,0.767579884083236
162,3802077.1431,-1269802.7404,1210.43149202457,1498.00803249965,0.80777161930515
163,3812077.1431,-1269802.7404,1307.59825825515,1623.09734369097,0.8060407686733
164,3712077.1431,-1279802.7404,855.340756880916,1812.03759449065,0.4718466344546
165,3722077.1431,-1279802.7404,860.092858618274,1799.33593783129,0.47784753254355
166,3732077.1431,-1279802.7404,866.160665071319,1768.49241963941,0.489602874056868
167,3742077.1431,-1279802.7404,885.763441763284,1736.22498410305,0.510045032810064
168,3752077.1431,-1279802.7404,921.866369786963,1711.55957258982,0.538507288793108
169,3762077.1431,-1279802.7404,956.276377255022,1709.89937124027,0.559297838910971
170,3772077.1431,-1279802.7404,1018.38396297089,1623.06346872904,0.628495602000652
171,3782077.1431,-1279802.7404,1115.74778690864,1483.55477922988,0.752490993395259
172,3792077.1431,-1279802.7404,1190.95340750516,1498.99745672637,0.794503614991866
173,3802077.1431,-1279802.7404,1341.09579016867,1525.71288238237,0.877623212195799
174,3812077.1431,-1279802.7404,1345.39211492523,1584.33490286918,0.849400192482934
175,3702077.1431,-1289802.7404,861.11948889799,1820.62868950933,0.472821614030721
176,3712077.1431,-1289802.7404,865.789538536783,1823.48731543593,0.474638308415189
177,3722077.1431,-1289802.7404,870.558796591975,1800.45670081135,0.483364385338062
178,3732077.1431,-1289802.7404,876.887203541408,1765.25833274437,0.496613891377769
179,3742077.1431,-1289802.7404,899.523233324679,1719.34043094143,0.52302905232466
180,3752077.1431,-1289802.7404,932.715052165184,1715.68872482431,0.543554744445532
181,3762077.1431,-1289802.7404,972.457588353423,1633.63767571943,0.596825972055498
182,3772077.1431,-1289802.7404,1054.55341980369,1515.39877075083,0.696585190279638
183,3782077.1431,-1289802.7404,1172.95578467123,1483.91997174496,0.790313736329561
184,3792077.1431,-1289802.7404,1294.8000358142,1473.67415755297,0.87797523990028
185,3802077.1431,-1289802.7404,1536.14295109451,1621.7497244867,0.945922127577134
186,3812077.1431,-1289802.7404,1487.59639791108,1673.0519957681,0.887934512718929
187,3712077.1431,-1299802.7404,879.322349931476,1819.98294595493,0.482973599065462
188,3722077.1431,-1299802.7404,882.198940455639,1788.40864358791,0.493118033383165
189,3732077.1431,-1299802.7404,888.761109183173,1762.16062168707,0.504211264110097
190,3742077.1431,-1299802.7404,912.588732017007,1701.09582832968,0.536442495722017
191,3752077.1431,-1299802.7404,942.904476488213,1628.38287177084,0.579942138046797
192,3762077.1431,-1299802.7404,1019.9727867975,1487.26257152866,0.686197143757672
193,3772077.1431,-1299802.7404,1134.24632520084,1498.63506181584,0.756595003965292
194,3782077.1431,-1299802.7404,1271.02739968127,1522.37657718221,0.834355403627137
195,3792077.1431,-1299802.7404,1488.68404556395,1599.8296856303,0.928892563766504
196,3802077.1431,-1299802.7404,1665.63411210953,1705.49683504184,0.976238859608362
197,3812077.1431,-1299802.7404,1646.24859101332,1747.60194984159,0.940993155554655
198,3712077.1431,-1309802.7404,889.056972698641,1814.26066407726,0.489866605251645
199,3722077.1431,-1309802.7404,883.807022337479,1779.05167785445,0.496623832574842
200,3732077.1431,-1309802.7404,889.023620329677,1747.84543271086,0.508472813246235
201,3742077.1431,-1309802.7404,913.707590546353,1706.80195337538,0.535267804036245
202,3752077.1431,-1309802.7404,953.566181114954,1565.16393853958,0.610486043228165
203,3762077.1431,-1309802.7404,1054.47447143529,1478.46543624211,0.713618715206661
204,3772077.1431,-1309802.7404,1159.13547651034,1500.8453232067,0.772002346289014
205,3782077.1431,-1309802.7404,1303.59448659367,1533.61690215581,0.84913153231078
206,3792077.1431,-1309802.7404,1646.67980891224,1673.73004238764,0.982983249338864
207,3802077.1431,-1309802.7404,1745.14852621587,1719.31225362264,1.0142461263282
208,3812077.1431,-1309802.7404,1723.21870456009,1754.71821971405,0.981473241988245
209,3712077.1431,-1319802.7404,887.838374661973,1824.90703638376,0.486335138266574
210,3722077.1431,-1319802.7404,884.619049616597,1802.03646061557,0.490747662225825
211,3732077.1431,-1319802.7404,885.755372180023,1765.25445779007,0.501633855368908
212,3742077.1431,-1319802.7404,909.379558303352,1728.86459201802,0.525889351323782
213,3752077.1431,-1319802.7404,949.133776714159,1585.57541151323,0.599740216711665
214,3762077.1431,-1319802.7404,1049.62804717897,1483.43499116808,0.708366488666737
215,3772077.1431,-1319802.7404,1175.13085879596,1494.23787001158,0.786159118625198
216,3782077.1431,-1319802.7404,1346.62806958303,1545.78435888473,0.870184823967737
217,3792077.1431,-1319802.7404,1642.41081376503,1670.86830448425,0.981617484446382
218,3802077.1431,-1319802.7404,1772.64486832352,1742.24870364194,1.01686293628024
219,3712077.1431,-1329802.7404,882.745739418419,1834.37425997939,0.481047139909836
220,3722077.1431,-1329802.7404,882.325131453955,1812.31884846362,0.486665679041206
221,3732077.1431,-1329802.7404,880.437833687704,1778.83302366518,0.494791465245439
222,3742077.1431,-1329802.7404,907.476774143304,1739.54386082424,0.521678667951229
223,3752077.1431,-1329802.7404,955.865856047334,1562.52482868255,0.612489524959792
224,3762077.1431,-1329802.7404,1055.10617364681,1471.74965383385,0.718091369500728
225,3772077.1431,-1329802.7404,1215.70743657686,1505.10412575144,0.807252619249732
226,3782077.1431,-1329802.7404,1365.63243932562,1556.34293182742,0.876763133706311
227,3792077.1431,-1329802.7404,1621.90438753819,1654.83120099922,0.97850945737223
228,3802077.1431,-1329802.7404,1741.53812360775,1782.06856941144,0.977504133899931
229,3712077.1431,-1339802.7404,876.104597947763,1840.62087601545,0.475820321687045
230,3722077.1431,-1339802.7404,871.391937884775,1813.97349699679,0.480211575899097
231,3732077.1431,-1339802.7404,870.001776669754,1763.32388555058,0.493261216961299
232,3742077.1431,-1339802.7404,898.844260581557,1710.87904273034,0.52541074107157
233,3752077.1431,-1339802.7404,950.239699751729,1563.14138113589,0.608931885847306
234,3762077.1431,-1339802.7404,1046.23567989613,1485.67894030393,0.705031220034651
235,3772077.1431,-1339802.7404,1188.61653824754,1512.68484987255,0.785048423608929
236,3782077.1431,-1339802.7404,1386.11070460423,1569.99021900577,0.881060288760723
237,3792077.1431,-1339802.7404,1696.34482570782,1766.0346909259,0.960680757680127
238,3712077.1431,-1349802.7404,863.953813832179,1839.60253620606,0.469460130873765
239,3722077.1431,-1349802.7404,857.23129280238,1805.85897562654,0.474547609430912
240,3732077.1431,-1349802.7404,869.125429286889,1739.02784175146,0.499772452927416
241,3742077.1431,-1349802.7404,905.202868501525,1594.54543270832,0.568213656660026
242,3752077.1431,-1349802.7404,951.182387271703,1545.472981275,0.615650826344389
243,3762077.1431,-1349802.7404,1046.58824090379,1488.26132462327,0.703595859214795
244,3772077.1431,-1349802.7404,1151.63890333753,1473.71603321047,0.781259975745741
245,3782077.1431,-1349802.7404,1364.92599222036,1589.45736488606,0.857306794423163
246,3702077.1431,-1359802.7404,852.910374706474,1849.3570045924,0.461030774690976
247,3712077.1431,-1359802.7404,852.750784115576,1836.83698339731,0.464092545480595
248,3722077.1431,-1359802.7404,857.056888357103,1801.00341928654,0.475750602477162
249,3732077.1431,-1359802.7404,870.364878429324,1733.45172024209,0.502080233377741
250,3742077.1431,-1359802.7404,907.68183619182,1585.89210880096,0.572867162701193
251,3752077.1431,-1359802.7404,981.39784357089,1506.5446520695,0.65147938944207
252,3762077.1431,-1359802.7404,1082.78742669365,1521.58069940241,0.711493364793487
253,3772077.1431,-1359802.7404,1172.00147159094,1545.96597668769,0.757858711973918
254,3782077.1431,-1359802.7404,1310.78535571779,1564.735789486,0.83666375352337
255,3712077.1431,-1369802.7404,852.19575435452,1828.43397739343,0.465899400213048
256,3722077.1431,-1369802.7404,860.541826308565,1801.95786294655,0.477415052666443
257,3732077.1431,-1369802.7404,873.573518636773,1754.22029671602,0.497867673250206
258,3742077.1431,-1369802.7404,901.261084363729,1645.88196044041,0.547945421155683
259,3752077.1431,-1369802.7404,963.392461507584,1539.95799010947,0.62551643284976
260,3762077.1431,-1369802.7404,1063.89847635471,1552.49863652288,0.684925793563621
261,3772077.1431,-1369802.7404,1193.97940191866,1556.02764747202,0.767043263706633
262,3782077.1431,-1369802.7404,1465.03111159802,1699.2654892311,0.862015948741265
263,3712077.1431,-1379802.7404,854.986851239175,1831.00912045076,0.466789494409811
264,3722077.1431,-1379802.7404,861.706312680124,1807.87771105475,0.476492120356688
265,3732077.1431,-1379802.7404,878.485928090378,1764.3182303027,0.497828069403507
266,3742077.1431,-1379802.7404,901.200054691607,1670.13233485905,0.539894866717037
267,3752077.1431,-1379802.7404,958.648052231848,1538.93467679075,0.62303121688885
268,3762077.1431,-1379802.7404,1051.22628039253,1537.80374072635,0.683291407870139
269,3772077.1431,-1379802.7404,1182.55488589721,1531.11876722212,0.771635403705294
270,3782077.1431,-1379802.7404,1451.38503678405,1749.38752737413,0.829555726874762
271,3732077.1431,-1389802.7404,887.841064597141,1713.3483433381,0.518383221065169
272,3742077.1431,-1389802.7404,919.529362385612,1619.13750618921,0.568966626924619
273,3752077.1431,-1389802.7404,980.008416832644,1521.3665348022,0.644320433533695
274,3762077.1431,-1389802.7404,1050.61612906084,1525.21153656401,0.688599635382318
275,3772077.1431,-1389802.7404,1189.61673197237,1554.74963617509,0.764471056403937
276,3782077.1431,-1389802.7404,1373.2197094125,1734.28209819706,0.791650551584192
277,3792077.1431,-1389802.7404,1361.68654088535,1831.79954786094,0.743610148011948
278,3722077.1431,-1399802.7404,870.820000000003,1749.93927234764,0.497912745816434
279,3732077.1431,-1399802.7404,902.078590568577,1679.27284352852,0.537369226047478
280,3742077.1431,-1399802.7404,937.676263041255,1703.33119392911,0.55078765616405
281,3752077.1431,-1399802.7404,973.245126623419,1619.0673013135,0.60177334530135
282,3762077.1431,-1399802.7404,1056.04311669558,1576.16851643262,0.669993391626116
283,3772077.1431,-1399802.7404,1181.0923817741,1598.74832921058,0.738272441763307
284,3782077.1431,-1399802.7404,1325.59709657316,1718.12787707407,0.771302616681751
285,3792077.1431,-1399802.7404,1350.93638450076,1809.97636524147,0.746307680036711
286,3802077.1431,-1399802.7404,1327.67660304506,1877.10311197425,0.707144303363055
287,3712077.1431,-1409802.7404,867.570491335434,1806.58178735606,0.480138040612885
288,3722077.1431,-1409802.7404,870.944302752364,1811.93345814294,0.480509409357075
289,3732077.1431,-1409802.7404,901.601610401874,1791.23794419058,0.503244713755989
290,3742077.1431,-1409802.7404,940.138198510778,1754.39354998325,0.535727094717918
291,3752077.1431,-1409802.7404,986.103377188305,1691.25525609782,0.583103209365816
292,3762077.1431,-1409802.7404,1067.28085835136,1656.30014836055,0.64432410754383
293,3772077.1431,-1409802.7404,1118.53486613073,1582.44568351054,0.70644071923637
294,3782077.1431,-1409802.7404,1288.01111620632,1705.06367361238,0.755095230728633
295,3792077.1431,-1409802.7404,1329.71931493968,1803.33378311145,0.737241004976867
296,3802077.1431,-1409802.7404,1340.08356586036,1873.21494171541,0.715220695221361
297,3682077.1431,-1419802.7404,861.291067012437,1790.64576474695,0.480898593444379
298,3692077.1431,-1419802.7404,865.513235739948,1776.82877075337,0.486995087910505
299,3702077.1431,-1419802.7404,876.897354873119,1768.86567997167,0.495708789073232
300,3712077.1431,-1419802.7404,871.176930527886,1825.82129989439,0.477032625189828
301,3722077.1431,-1419802.7404,874.956997518053,1822.31521017385,0.4799698743697
302,3732077.1431,-1419802.7404,898.154645171297,1804.76672200644,0.497510971581759
303,3742077.1431,-1419802.7404,940.062285356484,1764.21771458854,0.532751423334089
304,3752077.1431,-1419802.7404,988.955764237739,1741.68805369474,0.567751225467499
305,3762077.1431,-1419802.7404,1030.70878912386,1691.23616390464,0.609472619357842
306,3772077.1431,-1419802.7404,1138.50121548406,1652.86307312039,0.688511053575073
307,3782077.1431,-1419802.7404,1211.65503919958,1690.58041680882,0.716275071838357
308,3792077.1431,-1419802.7404,1294.27669463217,1757.92898975151,0.736034969353226
309,3802077.1431,-1419802.7404,1359.54053372844,1857.7509395931,0.731804908488346
310,3682077.1431,-1429802.7404,863.824729512865,1785.79097138955,0.483625340832323
311,3692077.1431,-1429802.7404,866.910900744578,1787.60582832968,0.484857887518542
312,3702077.1431,-1429802.7404,882.457893209802,1769.2023242704,0.498709692442353
313,3712077.1431,-1429802.7404,871.88359792553,1830.64554574626,0.476358306413092
314,3722077.1431,-1429802.7404,874.617399459141,1831.139176971,0.47748793659689
315,3732077.1431,-1429802.7404,899.642870916783,1806.67846344362,0.497912327795545
316,3742077.1431,-1429802.7404,939.084064441481,1766.2170752427,0.531887342889808
317,3752077.1431,-1429802.7404,983.038394428497,1779.763546452,0.552161391526527
318,3762077.1431,-1429802.7404,1036.23966218911,1745.14563405279,0.593760042683629
319,3772077.1431,-1429802.7404,1067.03567462108,1667.13910278945,0.639901211437614
320,3782077.1431,-1429802.7404,1122.72142172983,1635.33338749263,0.686195508636658
321,3792077.1431,-1429802.7404,1267.07510180384,1705.93220769867,0.742424925589646
322,3802077.1431,-1429802.7404,1400.727551013,1811.34006711143,0.772978039342322
323,3672077.1431,-1439802.7404,858.595895802947,1824.86781702766,0.470434568850129
324,3682077.1431,-1439802.7404,861.133052120763,1800.5893889092,0.478184230937119
325,3692077.1431,-1439802.7404,866.410662433746,1793.33176969476,0.483086076561165
326,3702077.1431,-1439802.7404,865.890746775291,1806.22533027428,0.479456799257507
327,3712077.1431,-1439802.7404,855.87575676977,1860.04111621377,0.459990062789723
328,3722077.1431,-1439802.7404,866.394181070531,1850.26524196521,0.468095922426052
329,3732077.1431,-1439802.7404,890.100012298505,1840.59593783129,0.483441015175913
330,3742077.1431,-1439802.7404,925.204667353117,1812.21131049067,0.510445640167286
331,3752077.1431,-1439802.7404,961.948699507185,1800.75233133035,0.534022974499399
332,3762077.1431,-1439802.7404,974.758858306995,1758.03202048681,0.554433245198621
333,3772077.1431,-1439802.7404,1010.67005446925,1656.28496291304,0.610277585214605
334,3782077.1431,-1439802.7404,1104.74669243924,1604.91199576556,0.687948569068083
335,3792077.1431,-1439802.7404,1279.1074963213,1687.19797598195,0.757775880399535
336,3802077.1431,-1439802.7404,1426.56963034616,1782.71460261429,0.799833281610877
337,3812077.1431,-1439802.7404,1484.5010597666,1864.0772518532,0.796369871737989
338,3682077.1431,-1449802.7404,862.664682289283,1808.62571529682,0.476944106884826
339,3692077.1431,-1449802.7404,848.885449053524,1816.12556693881,0.467362532386128
340,3702077.1431,-1449802.7404,843.923513583984,1830.94879901095,0.460844711586045
341,3712077.1431,-1449802.7404,846.049935425057,1864.16314023183,0.453690974878444
342,3722077.1431,-1449802.7404,853.412672361508,1863.32961144367,0.457821872445899
343,3732077.1431,-1449802.7404,870.326610290728,1841.72240550935,0.472420346179398
344,3742077.1431,-1449802.7404,899.674434095113,1807.94848109984,0.497625240031205
345,3752077.1431,-1449802.7404,918.053367082715,1785.90868597555,0.513959393434781
346,3762077.1431,-1449802.7404,930.033712139261,1750.99750618158,0.531021221558481
347,3772077.1431,-1449802.7404,989.600406993813,1682.84815966257,0.588112835159933
348,3782077.1431,-1449802.7404,1127.03738693807,1653.03720240562,0.681476765835852
349,3792077.1431,-1449802.7404,1285.72042412269,1706.359102792,0.753031074544283
350,3802077.1431,-1449802.7404,1437.77248851977,1787.1651501249,0.804162047687606
351,3812077.1431,-1449802.7404,1520.04877879584,1850.49806428847,0.821181470226041
352,3682077.1431,-1459802.7404,846.028642622705,1829.51045213906,0.462393419448569
353,3692077.1431,-1459802.7404,835.227647653289,1830.57344401288,0.456127489798494
354,3702077.1431,-1459802.7404,832.719191065015,1830.67790886543,0.454721207339166
355,3712077.1431,-1459802.7404,835.25632497867,1849.97914164585,0.451329930548182
356,3722077.1431,-1459802.7404,836.484121548421,1851.53200635675,0.45161539154961
357,3732077.1431,-1459802.7404,847.098349842537,1829.48213351967,0.462945774379364
358,3742077.1431,-1459802.7404,872.960930394439,1784.15159661041,0.489296020971735
359,3752077.1431,-1459802.7404,889.097141381695,1774.15896856405,0.501072566412752
360,3762077.1431,-1459802.7404,926.455580618569,1752.10501236571,0.528655761997837
361,3772077.1431,-1459802.7404,996.652041992797,1702.14314023691,0.585351015905288
362,3782077.1431,-1459802.7404,1097.19466713069,1690.96685269806,0.648577002267254
363,3792077.1431,-1459802.7404,1249.74916097022,1722.34495231422,0.725073270172693
364,3802077.1431,-1459802.7404,1380.71243141292,1800.78350406182,0.76633018760648
365,3812077.1431,-1459802.7404,1454.63390036651,1852.6398869646,0.784899389897745
366,3682077.1431,-1469802.7404,836.122526082623,1850.61814552996,0.451645032712391
367,3692077.1431,-1469802.7404,837.290866041869,1831.19118685645,0.457247084673574
368,3702077.1431,-1469802.7404,832.04062773105,1823.09322854089,0.456378678162093
369,3712077.1431,-1469802.7404,820.063456477112,1847.36993641727,0.443747653743736
370,3722077.1431,-1469802.7404,828.779796391869,1836.01013422795,0.451249147552662
371,3732077.1431,-1469802.7404,840.478779018276,1807.83647474563,0.464864297749221
372,3742077.1431,-1469802.7404,850.315982559696,1800.12584245974,0.472209786619666
373,3752077.1431,-1469802.7404,878.662429220165,1792.93272342046,0.490040919706379
374,3762077.1431,-1469802.7404,920.981431613152,1780.17880607598,0.517268499153713
375,3772077.1431,-1469802.7404,962.202441518685,1743.35803603089,0.552004720996931
376,3782077.1431,-1469802.7404,1032.57983856255,1647.09163193556,0.626652429783768
377,3792077.1431,-1469802.7404,1191.67548353364,1728.07890144753,0.689156930419548
378,3802077.1431,-1469802.7404,1317.87272924588,1797.14430236703,0.732967087636357
379,3812077.1431,-1469802.7404,1386.11246611572,1840.87552455117,0.752725247241234
380,3682077.1431,-1479802.7404,841.193818884999,1833.0283963271,0.458834633958004
381,3692077.1431,-1479802.7404,843.335632672688,1797.13185094134,0.469258161894986
382,3702077.1431,-1479802.7404,820.945424234125,1821.10907453442,0.450813117979368
383,3712077.1431,-1479802.7404,802.221079310982,1836.92731543593,0.436571842773028
384,3722077.1431,-1479802.7404,804.735424234088,1832.64905686803,0.43895295257582
385,3732077.1431,-1479802.7404,816.08899997775,1825.78594489378,0.446820533617655
386,3742077.1431,-1479802.7404,837.79230270787,1813.47833274437,0.461822485932969
387,3752077.1431,-1479802.7404,867.642838629306,1805.23868597555,0.480463462906624
388,3762077.1431,-1479802.7404,894.252297655047,1783.76262451258,0.501177281530422
389,3772077.1431,-1479802.7404,931.634034569256,1755.4233804276,0.530706069750376
390,3782077.1431,-1479802.7404,1005.4410345025,1684.34297068381,0.596784124912902
391,3792077.1431,-1479802.7404,1131.01955061281,1720.67281526077,0.656868976753056
392,3802077.1431,-1479802.7404,1265.85395242048,1801.48456729168,0.702406403890045
393,3812077.1431,-1479802.7404,1315.88886555266,1858.09476510236,0.708077761213843
394,3672077.1431,-1489802.7404,850.867012454206,1874.31744613264,0.453824406623533
395,3682077.1431,-1489802.7404,846.126737025399,1841.43918403603,0.459352183148337
396,3692077.1431,-1489802.7404,829.366419425867,1854.18421052672,0.447212914975025
397,3702077.1431,-1489802.7404,806.710972787613,1847.32409749132,0.436552623422989
398,3712077.1431,-1489802.7404,785.912709701835,1833.65653832582,0.428517658472401
399,3722077.1431,-1489802.7404,789.969233235774,1807.83734369606,0.436961317290571
400,3732077.1431,-1489802.7404,812.027173669156,1804.31354998325,0.449971647160828
401,3742077.1431,-1489802.7404,833.999307693985,1809.8683998558,0.460707694017588
402,3752077.1431,-1489802.7404,853.332044630447,1792.12254326854,0.47599965991798
403,3762077.1431,-1489802.7404,874.32035230223,1764.40561992018,0.495366293033007
404,3772077.1431,-1489802.7404,901.25731753281,1719.10139526595,0.524245058528602
405,3782077.1431,-1489802.7404,962.967111509399,1705.27109854738,0.564471464696971
406,3792077.1431,-1489802.7404,1084.79932482286,1731.86333097493,0.625885672816195
407,3802077.1431,-1489802.7404,1187.73043883655,1811.86641469414,0.655339672084027
408,3812077.1431,-1489802.7404,1234.83552328934,1875.36689861948,0.65824818788873
409,3822077.1431,-1489802.7404,1229.57871180579,1890.78121865036,0.650112357246396
410,3672077.1431,-1499802.7404,859.741072065277,1880.02658071346,0.457151946141156
411,3682077.1431,-1499802.7404,855.822957895938,1864.51183327495,0.458902476548739
412,3692077.1431,-1499802.7404,842.494632872811,1858.29811727238,0.453298964668669
413,3702077.1431,-1499802.7404,822.396623033989,1838.77680324793,0.447187849169334
414,3712077.1431,-1499802.7404,791.520191309624,1834.5931331668,0.431305269720544
415,3722077.1431,-1499802.7404,788.422878607215,1821.08220416743,0.432801010681866
416,3732077.1431,-1499802.7404,807.581206045564,1813.63179794979,0.445151753411766
417,3742077.1431,-1499802.7404,834.348640207409,1778.49321087959,0.469085777297532
418,3752077.1431,-1499802.7404,847.269007445804,1765.80093959564,0.47966909955064
419,3762077.1431,-1499802.7404,864.722268005165,1740.77057576565,0.496555183675613
420,3772077.1431,-1499802.7404,886.443610446354,1709.76182267359,0.518409477042178
421,3782077.1431,-1499802.7404,935.940801466858,1656.17428116685,0.565763331881751
422,3792077.1431,-1499802.7404,1041.34091040539,1693.52002825758,0.614672780323244
423,3802077.1431,-1499802.7404,1121.15202947191,1807.8924832196,0.619859174711605
424,3812077.1431,-1499802.7404,1183.15142150749,1844.07531967546,0.641375090360862
425,3672077.1431,-1509802.7404,878.719938062668,1879.13849169865,0.467479447845986
426,3682077.1431,-1509802.7404,870.390980255649,1869.75621335222,0.465361772850835
427,3692077.1431,-1509802.7404,863.957426916142,1850.78441539988,0.466748667376628
428,3702077.1431,-1509802.7404,859.473129216586,1819.21553867869,0.472372093026153
429,3712077.1431,-1509802.7404,835.230476621694,1816.39709643271,0.459650867557432
430,3722077.1431,-1509802.7404,823.566166401249,1813.18081949775,0.454074813209597
431,3732077.1431,-1509802.7404,824.043890927983,1797.56125397297,0.458249507994964
432,3742077.1431,-1509802.7404,836.263483934064,1778.39366654735,0.470092047824049
433,3752077.1431,-1509802.7404,847.646171231698,1747.65863299163,0.484880007639795
434,3762077.1431,-1509802.7404,867.325955325028,1712.49180854861,0.50640796072374
435,3772077.1431,-1509802.7404,891.029022381903,1667.095266689,0.534670313543137
436,3782077.1431,-1509802.7404,932.102310175898,1593.34495584801,0.584859707472093
437,3792077.1431,-1509802.7404,994.315558214361,1683.5505687057,0.590371277880903
438,3802077.1431,-1509802.7404,1065.8716795849,1787.78003179137,0.595951618846226
439,3812077.1431,-1509802.7404,1123.35803685107,1849.23298128008,0.607291683439931
440,3822077.1431,-1509802.7404,1130.48586834594,1874.09546803347,0.603098788359154
441,3832077.1431,-1509802.7404,1156.04979133903,1885.51805722344,0.612911908967324
442,3842077.1431,-1509802.7404,1184.98862021848,1886.00274461301,0.628083603353176
443,3662077.1431,-1519802.7404,911.670476621701,1878.28062168453,0.485254340990479
444,3672077.1431,-1519802.7404,896.719126712427,1874.66931826144,0.478165175135522
445,3682077.1431,-1519802.7404,889.926533639617,1869.93081243272,0.475742042369689
446,3692077.1431,-1519802.7404,885.287409564784,1839.66473684224,0.481082670154858
447,3702077.1431,-1519802.7404,892.2066700352,1817.14987990211,0.490937801846826
448,3712077.1431,-1519802.7404,869.968595621472,1820.05029318223,0.477840553091335
449,3722077.1431,-1519802.7404,850.353714776883,1805.57216531103,0.470808287758714
450,3732077.1431,-1519802.7404,843.934982759821,1787.26807135096,0.472049261749866
451,3742077.1431,-1519802.7404,847.946684971319,1760.52618862334,0.48149454845935
452,3752077.1431,-1519802.7404,851.14909442493,1743.76655951583,0.487960439593732
453,3762077.1431,-1519802.7404,866.0697048046,1715.74086894788,0.504707312063385
454,3772077.1431,-1519802.7404,899.565372179975,1654.26109855247,0.543747534976637
455,3782077.1431,-1519802.7404,932.09466493788,1616.33777817381,0.576661254405037
456,3792077.1431,-1519802.7404,976.206903070825,1705.9173472273,0.572100619407343
457,3802077.1431,-1519802.7404,1009.09505435809,1792.96861533033,0.562667521454223
458,3812077.1431,-1519802.7404,1056.28948845323,1864.30229247649,0.566370348200403
459,3822077.1431,-1519802.7404,1104.32187814024,1884.90874602703,0.58574131948475
460,3832077.1431,-1519802.7404,1116.74349381736,1884.2020981996,0.592471787325405
461,3842077.1431,-1519802.7404,1162.12042676043,1883.91707170637,0.616657917209612
462,3852077.1431,-1519802.7404,1183.87875178361,1884.59787354282,0.627970227378461
463,3882077.1431,-1519802.7404,1202.1344663826,1831.00624514359,0.656421820317926
464,3642077.1431,-1529802.7404,989.983434295241,1792.23979513192,0.5523486015985
465,3652077.1431,-1529802.7404,985.01599266535,1763.93139173725,0.558739771108171
466,3662077.1431,-1529802.7404,947.536027590443,1833.83983750684,0.51698305399759
467,3672077.1431,-1529802.7404,926.251635443698,1866.52456375535,0.496089925863315
468,3682077.1431,-1529802.7404,915.482354984318,1858.13297421251,0.492529308831974
469,3692077.1431,-1529802.7404,909.589796614224,1841.18416107405,0.493878655821313
470,3702077.1431,-1529802.7404,903.108287905197,1828.19995761236,0.493816169959906
471,3712077.1431,-1529802.7404,885.802007512549,1815.55645001675,0.48770863756459
472,3722077.1431,-1529802.7404,874.675444223038,1788.36237018674,0.48892391336697
473,3732077.1431,-1529802.7404,867.249546004858,1766.25857647393,0.490855715019734
474,3742077.1431,-1529802.7404,867.417627886675,1732.18163899551,0.500613632507043
475,3752077.1431,-1529802.7404,874.770622900549,1702.88004238764,0.513614284784487
476,3762077.1431,-1529802.7404,882.0377221115,1683.48318262201,0.523884239964101
477,3772077.1431,-1529802.7404,894.600325067588,1662.25626986992,0.538130571388612
478,3782077.1431,-1529802.7404,918.816848601546,1654.794369481,0.555146986497268
479,3792077.1431,-1529802.7404,948.476391968811,1707.41210526209,0.555404417094323
480,3802077.1431,-1529802.7404,967.626501129776,1792.74582126211,0.539721025325021
481,3812077.1431,-1529802.7404,988.287280192533,1867.55108795365,0.528966266255426
482,3822077.1431,-1529802.7404,1055.38852335601,1894.51706464134,0.556872096615263
483,3832077.1431,-1529802.7404,1119.79899492485,1895.84415400902,0.590478687578819
484,3842077.1431,-1529802.7404,1155.58839706608,1887.49743200512,0.612074317892814
485,3852077.1431,-1529802.7404,1169.98536471195,1883.72993995106,0.620858872097303
486,3882077.1431,-1529802.7404,1180.36124052594,1836.79187566258,0.642574983449261
487,3892077.1431,-1529802.7404,1157.62393287645,1860.55136347458,0.622024821221451
488,3662077.1431,-1539802.7404,1000.1772259456,1765.28638290532,0.56709240597402
489,3672077.1431,-1539802.7404,963.775297944174,1833.54435535094,0.525546857542789
490,3682077.1431,-1539802.7404,942.141077118078,1840.7877711037,0.511654841271919
491,3692077.1431,-1539802.7404,925.774265634441,1843.16535852931,0.502111546637991
492,3702077.1431,-1539802.7404,914.853608031162,1830.46630519253,0.499615232933854
493,3712077.1431,-1539802.7404,898.219630346408,1805.76771458854,0.497218107684463
494,3722077.1431,-1539802.7404,884.860129149899,1782.89288943723,0.496144598710181
495,3732077.1431,-1539802.7404,885.779809135087,1756.54842458214,0.504166762671628
496,3742077.1431,-1539802.7404,884.765116740175,1718.03561285769,0.514822709022964
497,3752077.1431,-1539802.7404,887.317039688823,1701.61742140885,0.521261767581763
498,3762077.1431,-1539802.7404,886.898573217268,1695.32662310364,0.522969604210002
499,3772077.1431,-1539802.7404,895.457798984977,1670.41373013516,0.536120359384279
500,3782077.1431,-1539802.7404,912.129863382038,1660.14956553242,0.549479288857634
501,3792077.1431,-1539802.7404,931.770071820634,1697.2770752427,0.548851221779176
502,3802077.1431,-1539802.7404,947.50608425258,1766.1773472273,0.536413295887804
503,3812077.1431,-1539802.7404,952.134329987016,1854.95150476756,0.513133200071363
504,3822077.1431,-1539802.7404,1016.59578400431,1892.81474037348,0.536862720799768
505,3832077.1431,-1539802.7404,1099.01153330598,1894.18261745009,0.57998724813365
506,3842077.1431,-1539802.7404,1162.15085835139,1912.44012363167,0.607469367315925
507,3852077.1431,-1539802.7404,1159.68118341909,1889.25693041339,0.613632317050553
508,3882077.1431,-1539802.7404,1148.31644621581,1840.34308018543,0.62394746509861
509,3892077.1431,-1539802.7404,1132.9916595961,1847.7178028976,0.613166119974062
510,3902077.1431,-1539802.7404,1116.38262996844,1844.12710702898,0.605217165838026
511,3652077.1431,-1549802.7404,1044.4254986923,1772.48161427426,0.589408620414681
512,3662077.1431,-1549802.7404,1024.76009927768,1785.13674673532,0.574221679488333
513,3672077.1431,-1549802.7404,995.288471524419,1828.13812080617,0.544317354196041
514,3682077.1431,-1549802.7404,976.401084363798,1820.72336277138,0.536185015782755
515,3692077.1431,-1549802.7404,948.209972765388,1829.99458495299,0.51807285439794
516,3702077.1431,-1549802.7404,931.365067101373,1830.15567643788,0.508769946356407
517,3712077.1431,-1549802.7404,911.6785534507,1805.92595902384,0.504654747471629
518,3722077.1431,-1549802.7404,906.059729624043,1770.48541504701,0.511738165023427
519,3732077.1431,-1549802.7404,921.357439214649,1726.77403037988,0.533548250765108
520,3742077.1431,-1549802.7404,905.26745415081,1719.03720946811,0.52653601472125
521,3752077.1431,-1549802.7404,885.166270509395,1734.01624514359,0.510306099858248
522,3762077.1431,-1549802.7404,889.519200948303,1720.32095372825,0.516872374134606
523,3772077.1431,-1549802.7404,891.098960222237,1719.38128576688,0.518143711499016
524,3782077.1431,-1549802.7404,887.00950119651,1745.52995408112,0.508068011127304
525,3792077.1431,-1549802.7404,906.84679149467,1744.28914871342,0.519917143199717
526,3802077.1431,-1549802.7404,927.287548375591,1766.26904980045,0.525014793920718
527,3812077.1431,-1549802.7404,945.290635199073,1841.07010596274,0.513314425748248
528,3822077.1431,-1549802.7404,995.788970105463,1882.28981985062,0.528821466933176
529,3832077.1431,-1549802.7404,1063.74084341527,1898.43630872377,0.560103606095323
530,3842077.1431,-1549802.7404,1123.65419819948,1916.81170610948,0.585996148734756
531,3852077.1431,-1549802.7404,1122.17650837553,1889.85581066583,0.5935485831315
532,3912077.1431,-1549802.7404,1084.4761784774,1787.73378664778,0.606613834533414
533,3672077.1431,-1559802.7404,1005.95554591595,1837.0293889092,0.547583828873668
534,3682077.1431,-1559802.7404,975.959940477921,1843.07472624596,0.529381101917492
535,3692077.1431,-1559802.7404,959.133617914469,1837.19895796523,0.521908960640057
536,3702077.1431,-1559802.7404,949.946670035224,1813.37936771411,0.523757396742117
537,3712077.1431,-1559802.7404,929.83505963332,1792.58783115518,0.518545052875206
538,3722077.1431,-1559802.7404,923.201290387139,1763.20567997167,0.523513288001377
539,3732077.1431,-1559802.7404,923.190248194127,1747.59170964327,0.528199717793701
540,3742077.1431,-1559802.7404,915.236029783307,1735.21559519639,0.527427307837265
541,3752077.1431,-1559802.7404,891.606014847216,1739.91266690276,0.51231732618768
542,3762077.1431,-1559802.7404,881.424439147987,1738.38842105343,0.506869305393436
543,3772077.1431,-1559802.7404,877.731426782738,1743.14965030261,0.503449172391293
544,3782077.1431,-1559802.7404,879.346888357107,1760.01629106501,0.499465800008752
545,3792077.1431,-1559802.7404,895.013384656407,1772.36293182233,0.504925720150999
546,3802077.1431,-1559802.7404,924.971253046799,1709.65412575144,0.541310808985165
547,3812077.1431,-1559802.7404,938.494205889939,1765.85274461047,0.531554494740928
548,3822077.1431,-1559802.7404,974.296352213274,1867.87507946697,0.521444045292855
549,3832077.1431,-1559802.7404,1017.69450108527,1886.69353938443,0.53915368679641
550,3842077.1431,-1559802.7404,1066.8877614223,1900.64841398586,0.561091375023093
551,3852077.1431,-1559802.7404,1066.00742647147,1870.44111974502,0.56970875677196
552,3912077.1431,-1559802.7404,1050.66669199465,1788.00535500061,0.587612113498961
553,3682077.1431,-1569802.7404,981.813900811321,1851.59450724019,0.530073088722119
554,3702077.1431,-1569802.7404,960.688255617728,1808.33231720283,0.53110097192571
555,3712077.1431,-1569802.7404,944.264409498101,1793.60403037734,0.526342541001072
556,3722077.1431,-1569802.7404,935.083541040978,1762.28879194592,0.53045660027712
557,3732077.1431,-1569802.7404,933.543340070423,1747.61931119641,0.534101336645883
558,3742077.1431,-1569802.7404,916.292511146528,1739.50275521183,0.526752606852298
559,3752077.1431,-1569802.7404,884.575069516636,1746.71611091564,0.506264455712663
560,3762077.1431,-1569802.7404,871.506528586811,1746.78046979782,0.498751508314831
561,3772077.1431,-1569802.7404,875.145027345815,1768.07211585836,0.494829037456849
562,3782077.1431,-1569802.7404,883.214943004272,1777.88264923637,0.496673717933677
563,3792077.1431,-1569802.7404,902.701089416557,1729.23018720932,0.522083718269324
564,3802077.1431,-1569802.7404,915.403468997948,1718.37909219318,0.532667062944468
565,3812077.1431,-1569802.7404,927.412240770519,1734.55632991378,0.534608649506114
566,3822077.1431,-1569802.7404,949.083285378748,1755.07212291831,0.541152624569328
567,3832077.1431,-1569802.7404,989.731463900624,1874.16620274832,0.52792547768869
568,3842077.1431,-1569802.7404,1001.77481121681,1877.57683150805,0.53335149258975
569,3852077.1431,-1569802.7404,1007.30728019256,1863.18384669672,0.540436235766165
570,3912077.1431,-1569802.7404,994.109935202682,1814.20021194074,0.547987875749017
571,3922077.1431,-1569802.7404,1061.17633727711,1690.72515719248,0.628805964993466
572,3712077.1431,-1579802.7404,957.304881066934,1785.78353938189,0.535922857085508
573,3722077.1431,-1579802.7404,953.105449275844,1757.52276580556,0.542181755101098
574,3732077.1431,-1579802.7404,954.771000022231,1736.72685976817,0.549648865700263
575,3742077.1431,-1579802.7404,913.411488942493,1757.13361356343,0.51965030319939
576,3752077.1431,-1579802.7404,891.830220959505,1754.69545743465,0.508082257775889
577,3762077.1431,-1579802.7404,881.223347538494,1737.47677499035,0.507021879341698
578,3772077.1431,-1579802.7404,884.649412024479,1748.1420275493,0.505901948215009
579,3782077.1431,-1579802.7404,897.167352457876,1731.77560579012,0.517922517351507
580,3792077.1431,-1579802.7404,917.882168727509,1689.75671141016,0.543252429468344
581,3802077.1431,-1579802.7404,918.490622900559,1713.3201165641,0.535912779849843
582,3812077.1431,-1579802.7404,941.624439370271,1679.27273401165,0.560784455145682
583,3822077.1431,-1579802.7404,952.943933098735,1683.86717060663,0.566013990194279
584,3832077.1431,-1579802.7404,969.129188649746,1795.88152241869,0.540604859881585
585,3842077.1431,-1579802.7404,966.890776647522,1874.46875308952,0.515609907656775
586,3882077.1431,-1579802.7404,970.651885830705,1812.66840339213,0.535508409898023
587,3922077.1431,-1579802.7404,1025.5774438227,1737.89656305724,0.591243051559528
588,3932077.1431,-1579802.7404,1088.49696500816,1615.89246909971,0.673927243813934
589,3712077.1431,-1589802.7404,988.698618025616,1746.21474743343,0.566306628460412
590,3722077.1431,-1589802.7404,979.381645326978,1738.16878840704,0.563695185894326
591,3732077.1431,-1589802.7404,959.22194799043,1749.80114446881,0.548126822773242
592,3742077.1431,-1589802.7404,933.192555954884,1749.13033203609,0.533347860504958
593,3752077.1431,-1589802.7404,913.015082037492,1744.69600141148,0.523122793375993
594,3762077.1431,-1589802.7404,907.398618025619,1728.20773578109,0.5248793185186
595,3772077.1431,-1589802.7404,905.428034880581,1717.50552454863,0.527030553129191
596,3782077.1431,-1589802.7404,915.21840453418,1700.63531261043,0.53798610501954
597,3792077.1431,-1589802.7404,917.097161370647,1697.80709996395,0.539984189112112
598,3802077.1431,-1589802.7404,931.805374817577,1685.47324619965,0.552791608174093
599,3812077.1431,-1589802.7404,971.554955525098,1627.69442245983,0.597246312847962
600,3822077.1431,-1589802.7404,970.84400514175,1633.96792299041,0.594326202186648
601,3832077.1431,-1589802.7404,981.074449253589,1669.5408088964,0.588631013200261
602,3842077.1431,-1589802.7404,961.829200948339,1860.31234899165,0.517024824790956
603,3882077.1431,-1589802.7404,965.984630235197,1824.79698693109,0.529464431900803
604,3922077.1431,-1589802.7404,963.64097498041,1795.39328505859,0.536641679914961
605,3932077.1431,-1589802.7404,1043.29450108522,1698.20244083705,0.614741925126129
606,3942077.1431,-1589802.7404,1056.65042676048,1699.47906040181,0.621567938473884
607,3722077.1431,-1599802.7404,1009.44106965,1660.93445071741,0.608102671039928
608,3732077.1431,-1599802.7404,977.408560918776,1714.57332744115,0.570005381110401
609,3742077.1431,-1599802.7404,955.402498847995,1726.0258212621,0.55340734549987
610,3752077.1431,-1599802.7404,940.313131631843,1728.49343341406,0.54383090964017
611,3762077.1431,-1599802.7404,936.182397155077,1713.346527727,0.546241123331045
612,3772077.1431,-1599802.7404,930.831789190633,1706.36042034515,0.545306936013354
613,3782077.1431,-1599802.7404,927.726501352142,1700.82464853317,0.545263215441692
614,3792077.1431,-1599802.7404,931.654459136897,1689.62072059242,0.551215505895365
615,3802077.1431,-1599802.7404,954.380791583599,1652.06977393174,0.578566597309542
616,3812077.1431,-1599802.7404,1005.0014094313,1565.98144118737,0.642254632238711
617,3822077.1431,-1599802.7404,1003.53050890913,1578.30224301874,0.635907531322997
618,3832077.1431,-1599802.7404,1003.27470733103,1613.13638996272,0.623957919440274
619,3842077.1431,-1599802.7404,954.096838718357,1840.66088660664,0.51859907163429
620,3852077.1431,-1599802.7404,933.533669968541,1872.315704698,0.498443083161618
621,3882077.1431,-1599802.7404,959.130218321876,1832.05043447521,0.523623722267694
622,3892077.1431,-1599802.7404,929.360565793721,1859.63899681908,0.499595157628109
623,3902077.1431,-1599802.7404,891.803925630751,1841.51579653831,0.484090547449735
624,3922077.1431,-1599802.7404,926.258081659433,1798.77533733677,0.514869565222581
625,3932077.1431,-1599802.7404,1015.4107294238,1734.97759095686,0.585989103901803
626,3942077.1431,-1599802.7404,1049.69654835334,1690.25804662717,0.620874796310962
627,3952077.1431,-1599802.7404,1060.13416130393,1708.47554927496,0.620299373133476
628,3722077.1431,-1609802.7404,1039.07743416184,1589.49340869281,0.653741756027813
629,3732077.1431,-1609802.7404,1000.11785126145,1658.98256092731,0.602888226348418
630,3742077.1431,-1609802.7404,971.49681895173,1698.26986930075,0.571913441962462
631,3752077.1431,-1609802.7404,961.439488897979,1709.47991522218,0.562233765186651
632,3762077.1431,-1609802.7404,959.776111709593,1694.16155775147,0.566360122083012
633,3772077.1431,-1609802.7404,950.332516199332,1694.7477711037,0.560545515061591
634,3782077.1431,-1609802.7404,947.702516199322,1690.39103143595,0.560452994272523
635,3792077.1431,-1609802.7404,946.044593117267,1678.22854468257,0.563543017492432
636,3802077.1431,-1609802.7404,958.408871050202,1654.26952313461,0.5793344606953
637,3812077.1431,-1609802.7404,1005.10097761799,1572.23909219572,0.639579984260144
638,3822077.1431,-1609802.7404,1042.58078653076,1525.61975273919,0.684363791838932
639,3832077.1431,-1609802.7404,1027.35708691243,1553.54000353124,0.661384197102483
640,3842077.1431,-1609802.7404,956.021039777867,1774.9376969196,0.540403967808716
641,3852077.1431,-1609802.7404,932.013513584013,1872.0772518532,0.497663871215765
642,3862077.1431,-1609802.7404,925.403521052044,1858.40991522472,0.497859930142154
643,3872077.1431,-1609802.7404,941.462588019958,1829.73397033094,0.514508475097442
644,3882077.1431,-1609802.7404,951.706632694909,1828.98969621895,0.52021831324285
645,3892077.1431,-1609802.7404,936.045369764806,1838.65217237352,0.508920476914782
646,3902077.1431,-1609802.7404,905.246392191234,1840.36276227177,0.491730969010306
647,3932077.1431,-1609802.7404,995.856237999398,1731.32151183513,0.575787025093104
648,3942077.1431,-1609802.7404,1044.00959805884,1695.20323560338,0.615694339566612
649,3952077.1431,-1609802.7404,1063.57336247456,1696.8688413935,0.62676650533321
650,3732077.1431,-1619802.7404,1025.40366250045,1602.44743200258,0.639874437103148
651,3742077.1431,-1619802.7404,989.176680140896,1658.87942775542,0.596292642918117
652,3752077.1431,-1619802.7404,973.108312724624,1685.34111267744,0.577221268026225
653,3762077.1431,-1619802.7404,968.397687408806,1671.87786647525,0.579078500171434
654,3772077.1431,-1619802.7404,962.920290364904,1673.39350052803,0.575255998056958
655,3782077.1431,-1619802.7404,960.303801533635,1671.5872518532,0.574281893212734
656,3792077.1431,-1619802.7404,957.827570779797,1663.81470858212,0.575472959348795
657,3802077.1431,-1619802.7404,972.693821300206,1631.97807841853,0.595963496341083
658,3812077.1431,-1619802.7404,996.069818796019,1595.70959731615,0.624232348919238
659,3832077.1431,-1619802.7404,1037.7052852009,1543.04343341914,0.672443090262888
660,3842077.1431,-1619802.7404,969.976759429664,1694.96354997816,0.574552919561027
661,3852077.1431,-1619802.7404,920.954511191042,1856.69838219195,0.495930343785616
662,3862077.1431,-1619802.7404,917.947317532854,1862.78888378623,0.492606384537946
663,3872077.1431,-1619802.7404,928.676109072,1855.76728364457,0.500252502460171
664,3882077.1431,-1619802.7404,940.742672361501,1813.20974920541,0.518729841530024
665,3892077.1431,-1619802.7404,942.766471479905,1797.43685623184,0.524372544886402
666,3902077.1431,-1619802.7404,928.921439303626,1806.52389614685,0.514183808853798
667,3912077.1431,-1619802.7404,868.222650179771,1832.42910278945,0.473691478050366
668,3932077.1431,-1619802.7404,956.582513339252,1752.76942776814,0.546340636912044
669,3942077.1431,-1619802.7404,1050.27998484141,1670.92106676619,0.628668122281666
670,3952077.1431,-1619802.7404,1097.74478420444,1638.12834686934,0.670319579086453
671,3962077.1431,-1619802.7404,1062.4069726987,1700.4325573986,0.624951308821888
672,3742077.1431,-1629802.7404,1030.92611654006,1566.59313670313,0.658486979239843
673,3752077.1431,-1629802.7404,985.705009994533,1645.56033556733,0.598882184680227
674,3762077.1431,-1629802.7404,979.678640207458,1639.24875662331,0.597417733173337
675,3772077.1431,-1629802.7404,970.348290320443,1653.98194984159,0.58649193025619
676,3792077.1431,-1629802.7404,968.076724504518,1649.21001766385,0.586770510773659
677,3842077.1431,-1629802.7404,993.170699996396,1647.4243023594,0.604575501518698
678,3852077.1431,-1629802.7404,926.186632917358,1798.75788766525,0.515364761318955
679,3862077.1431,-1629802.7404,902.99819851087,1857.28842458214,0.486025570188308
680,3872077.1431,-1629802.7404,909.14951854785,1846.9515294939,0.492063619808015
681,3882077.1431,-1629802.7404,923.947431746593,1814.14738254737,0.509177640663456
682,3892077.1431,-1629802.7404,946.642094491601,1765.90155774639,0.536027514176355
683,3902077.1431,-1629802.7404,947.08742450089,1773.47795478177,0.534058123679666
684,3912077.1431,-1629802.7404,879.365528786992,1819.36514305479,0.483324640915287
685,3922077.1431,-1629802.7404,841.443523467332,1817.6027516755,0.462836801639306
686,3932077.1431,-1629802.7404,901.771188471814,1796.52570116422,0.50176417642079
687,3942077.1431,-1629802.7404,1001.96822069252,1728.86353232194,0.580342092348655
688,3952077.1431,-1629802.7404,1111.21822552299,1590.90929707398,0.699472398362636
689,3962077.1431,-1629802.7404,1061.8345087758,1682.10470504833,0.631405265788269
690,3972077.1431,-1629802.7404,1030.48156340072,1729.27601200521,0.595837392368634
691,3752077.1431,-1639802.7404,997.836513650704,1611.54941716678,0.618999238711098
692,3852077.1431,-1639802.7404,955.667992709928,1722.50388201679,0.55513912812221
693,3862077.1431,-1639802.7404,904.418422107959,1824.31759801427,0.49586271368034
694,3872077.1431,-1639802.7404,898.539121659598,1835.86590957117,0.489296425640024
695,3882077.1431,-1639802.7404,921.903615499168,1782.00764040953,0.517352763593219
696,3892077.1431,-1639802.7404,981.310260492579,1690.68220063873,0.580636605222203
697,3902077.1431,-1639802.7404,979.522575721445,1724.46846697232,0.568027091947663
698,3912077.1431,-1639802.7404,924.711918340586,1772.53010596528,0.521752356520734
699,3932077.1431,-1639802.7404,882.263699840652,1779.93031790603,0.495566071974568
700,3942077.1431,-1639802.7404,974.752848512511,1741.82103496974,0.561149255211224
701,3952077.1431,-1639802.7404,1060.78788574164,1653.891773226,0.641383968211828
702,3962077.1431,-1639802.7404,1077.60192800144,1651.15299187636,0.652549424111888
703,3972077.1431,-1639802.7404,1052.60718860534,1678.33235605668,0.627118275047355
704,3982077.1431,-1639802.7404,1050.85808188183,1680.55383610045,0.625476603124353
705,3852077.1431,-1649802.7404,983.345900855792,1681.95839632456,0.585363864293494
706,3862077.1431,-1649802.7404,953.289417077345,1739.96694100458,0.548191932875289
707,3872077.1431,-1649802.7404,913.002164119451,1817.51119744764,0.502498038565137
708,3882077.1431,-1649802.7404,942.620171320604,1780.08974567416,0.529457528355001
709,3892077.1431,-1649802.7404,972.293183685843,1723.64678206047,0.563973810328851
710,3902077.1431,-1649802.7404,986.322143908106,1720.28765454214,0.573242758713051
711,3912077.1431,-1649802.7404,964.534920600145,1726.79881314355,0.558844238792006
712,3942077.1431,-1649802.7404,953.385253135695,1740.54575062197,0.548127882463048
713,3952077.1431,-1649802.7404,1039.79556062957,1666.07790887052,0.624176817688722
714,3962077.1431,-1649802.7404,1070.17081376543,1659.44653126333,0.644784791495522
715,3972077.1431,-1649802.7404,1055.95170221153,1665.31048746167,0.634054178456257
716,3982077.1431,-1649802.7404,1049.02947373953,1683.43220417251,0.623256872827681
717,3852077.1431,-1659802.7404,1004.36719629571,1660.18233839029,0.60526060814411
718,3862077.1431,-1659802.7404,989.802255706673,1678.59472271218,0.589472096282807
719,3872077.1431,-1659802.7404,975.012429442562,1718.90884492983,0.568066530944748
720,3882077.1431,-1659802.7404,961.836258210845,1793.47765807084,0.536142779254974
721,3892077.1431,-1659802.7404,983.756511235403,1774.5347898287,0.554205213565882
722,3902077.1431,-1659802.7404,984.476186167828,1754.83114094265,0.560958142293296
723,3912077.1431,-1659802.7404,965.921280503858,1763.14783468897,0.548338300684425
724,3932077.1431,-1659802.7404,929.12370972398,1763.00420699547,0.526952857094818
725,3942077.1431,-1659802.7404,960.265640363035,1780.96464499939,0.539154100740769
726,3952077.1431,-1659802.7404,1011.33355839224,1713.78703638376,0.590297661410543
727,3962077.1431,-1659802.7404,1045.99565485448,1685.49896150156,0.6208566721845
728,3972077.1431,-1659802.7404,1050.71913373579,1681.91785941785,0.624809857130995
729,3982077.1431,-1659802.7404,1012.04455072422,1730.59043447521,0.584920357606125
730,3852077.1431,-1669802.7404,1051.56046410075,1594.88680678172,0.659863045430941
731,3862077.1431,-1669802.7404,1012.35499022793,1671.09024726081,0.605690493495031
732,3872077.1431,-1669802.7404,1004.01450877574,1705.02353585319,0.588773020182549
733,3882077.1431,-1669802.7404,988.532804148996,1787.28518544497,0.552968883539665
734,3892077.1431,-1669802.7404,996.649903359911,1793.72567997167,0.555465830038384
735,3902077.1431,-1669802.7404,996.567350042653,1787.68278700065,0.557315517988517
736,3912077.1431,-1669802.7404,985.51427310249,1780.06038502254,0.553598056423707
737,3922077.1431,-1669802.7404,960.961717147665,1787.40146591371,0.537651313057951
738,3932077.1431,-1669802.7404,937.788387182873,1779.00242670444,0.527070428557318
739,3942077.1431,-1669802.7404,989.063086823402,1755.92513952863,0.563228422078133
740,3952077.1431,-1669802.7404,1024.69236464521,1723.74216178233,0.594369092809244
741,3962077.1431,-1669802.7404,1004.93832502317,1727.22557047006,0.581605062965001
742,3972077.1431,-1669802.7404,1005.02320345248,1727.1919286465,0.58167934132922
743,3982077.1431,-1669802.7404,986.757372224518,1727.7873083709,0.570910326963247
744,3852077.1431,-1679802.7404,1066.64090338212,1589.57864005158,0.671119929263141
745,3862077.1431,-1679802.7404,1040.94353379528,1651.44504768069,0.630389977900859
746,3872077.1431,-1679802.7404,1020.56047156887,1706.28438007728,0.597953212930914
747,3882077.1431,-1679802.7404,1020.16837224672,1767.63774284866,0.576975383606858
748,3892077.1431,-1679802.7404,1020.33358562697,1793.13786294655,0.56882941752654
749,3902077.1431,-1679802.7404,1025.73498012223,1783.48629459626,0.575005776295212
750,3912077.1431,-1679802.7404,1011.55608183738,1775.95923701995,0.56950396873022
751,3922077.1431,-1679802.7404,965.645987612595,1793.53709289892,0.538318670114345
752,3932077.1431,-1679802.7404,953.854672628336,1779.56239844432,0.53587035928542
753,3942077.1431,-1679802.7404,985.343181270599,1776.67205580942,0.554472891526684
754,3952077.1431,-1679802.7404,1004.23568494906,1745.28038855379,0.575358819823188
755,3962077.1431,-1679802.7404,998.645851216932,1729.00819144885,0.577389030708497
756,3972077.1431,-1679802.7404,1001.49770476015,1719.8424832196,0.582117670689895
757,3982077.1431,-1679802.7404,990.076910761298,1719.90369833871,0.575470525218786
758,3992077.1431,-1679802.7404,1010.75103736249,1712.97504768578,0.589847789113343
759,3862077.1431,-1689802.7404,1093.57801994446,1590.31910985448,0.689274514981163
760,3872077.1431,-1689802.7404,1039.15033253575,1701.53015895428,0.610748810468134
761,3882077.1431,-1689802.7404,1026.63908431932,1785.43725185575,0.574831917172673
762,3892077.1431,-1689802.7404,1023.53498012224,1799.57623807856,0.568554782708472
763,3902077.1431,-1689802.7404,1020.66448131874,1791.16443659498,0.569632941308938
764,3912077.1431,-1689802.7404,1002.84414636786,1789.12895796523,0.5603386466398
765,3922077.1431,-1689802.7404,969.704124186046,1781.46087601546,0.544260391477088
766,3932077.1431,-1689802.7404,985.302034969488,1762.85671493887,0.558809091523813
767,3942077.1431,-1689802.7404,1009.45975708099,1760.96018014175,0.573387368988652
768,3952077.1431,-1689802.7404,1020.25220365257,1727.329509002,0.590655090884105
769,3962077.1431,-1689802.7404,1015.7128311613,1697.14347933549,0.598424602576363
770,3972077.1431,-1689802.7404,1008.77670210036,1699.48442952995,0.593436771336663
771,3982077.1431,-1689802.7404,1006.17413648454,1707.43497703802,0.589111685446679
772,3992077.1431,-1689802.7404,1036.48358079645,1706.01098551453,0.607393211201549
773,3852077.1431,-1699802.7404,1110.54178919057,1514.78780289506,0.732929741069104
774,3862077.1431,-1699802.7404,1110.58058819785,1582.44085482036,0.702095199533906
775,3872077.1431,-1699802.7404,1044.15675679209,1700.42171317706,0.614530472183221
776,3882077.1431,-1699802.7404,1017.43806189294,1799.6381278712,0.565169728656846
777,3892077.1431,-1699802.7404,1018.28132992032,1801.09852349002,0.565186129770502
778,3902077.1431,-1699802.7404,1007.57287333208,1792.65944895814,0.561859040102419
779,3912077.1431,-1699802.7404,996.230195917744,1787.42775697618,0.557222601149582
780,3922077.1431,-1699802.7404,991.468757058796,1778.1573542847,0.557541831088222
781,3932077.1431,-1699802.7404,1027.84002767927,1728.02137406068,0.595729330313049
782,3942077.1431,-1699802.7404,1055.81013420265,1686.75728363694,0.627944738752434
783,3952077.1431,-1699802.7404,1052.16771969627,1667.65192157893,0.631789543376874
784,3962077.1431,-1699802.7404,997.298724549067,1692.21604026788,0.589154172603175
785,3852077.1431,-1709802.7404,1129.99357574365,1500.02006711652,0.753192109199265
786,3862077.1431,-1709802.7404,1130.07043928137,1570.05505122211,0.719927431933976
787,3872077.1431,-1709802.7404,1037.52324298582,1717.78745320021,0.605453629388496
788,3882077.1431,-1709802.7404,991.873382018924,1812.56485340888,0.5470603191657
789,3892077.1431,-1709802.7404,999.119146256658,1802.02150123632,0.554251105897691
790,3902077.1431,-1709802.7404,986.277210787161,1794.64335217257,0.549362216473457
791,3912077.1431,-1709802.7404,976.375672428233,1785.53673260271,0.546656144341158
792,3922077.1431,-1709802.7404,1032.47885106121,1702.00924761622,0.607141523850867
793,3932077.1431,-1709802.7404,1099.91506535301,1594.04010949144,0.691094179436179
794,3942077.1431,-1709802.7404,1091.73751850341,1596.60248675593,0.684070235569177
795,3952077.1431,-1709802.7404,1067.75062267826,1629.90862592914,0.656252519886601
796,3962077.1431,-1709802.7404,994.649947946042,1685.63353938443,0.589900988321806
797,3852077.1431,-1719802.7404,1141.1522159511,1527.68282939337,0.746966801184875
798,3862077.1431,-1719802.7404,1143.45220101501,1608.01373013262,0.71114335243351
799,3872077.1431,-1719802.7404,1002.1336324061,1756.60557400638,0.572156952745214
800,3882077.1431,-1719802.7404,970.645185923309,1814.67861533033,0.534730746890236
801,3892077.1431,-1719802.7404,972.519431568746,1802.16818085511,0.539429446321112
802,3902077.1431,-1719802.7404,962.565734365599,1796.58461321056,0.535579790442816
803,3912077.1431,-1719802.7404,971.287915613984,1778.58328152481,0.546011339716877
804,3922077.1431,-1719802.7404,1024.86374728658,1705.26681383912,0.602744910384163
805,3932077.1431,-1719802.7404,1247.45762041829,1480.31372306505,0.847684793626048
806,3942077.1431,-1719802.7404,1072.87316128198,1619.41463087187,0.662805631023195
807,3952077.1431,-1719802.7404,1041.66792066686,1650.83394207082,0.630994037814406
808,3962077.1431,-1719802.7404,1004.95580904621,1674.97223949004,0.599768195186279
809,3852077.1431,-1729802.7404,1151.93030244106,1577.54694807978,0.730842360334704
810,3862077.1431,-1729802.7404,1144.05313338007,1631.62932180285,0.701517691766631
811,3872077.1431,-1729802.7404,939.148376855179,1803.56284352089,0.521565759906834
812,3882077.1431,-1729802.7404,937.825069294258,1815.31632991887,0.516455885195438
813,3892077.1431,-1729802.7404,938.167759229463,1805.1982832917,0.5195171644677
814,3902077.1431,-1729802.7404,940.431476421554,1792.6638749543,0.524406906654257
815,3912077.1431,-1729802.7404,969.275963015404,1764.08434828082,0.54947850517213
816,3922077.1431,-1729802.7404,1094.37471238366,1621.37570822416,0.681862410501125
817,3932077.1431,-1729802.7404,1255.75610840478,1471.81654892972,0.858065399150137
818,3942077.1431,-1729802.7404,1071.05554833143,1613.08595196135,0.664095748931361
819,3952077.1431,-1729802.7404,1054.90258077428,1660.33270222537,0.63519946033922
820,3842077.1431,-1739802.7404,1122.60269454331,1602.43483575012,0.700533129387376
821,3852077.1431,-1739802.7404,1097.45668913485,1634.28367362509,0.672008118167651
822,3862077.1431,-1739802.7404,1032.81702672338,1725.61399153112,0.601392866568518
823,3872077.1431,-1739802.7404,882.807002348765,1832.64172730458,0.481578182476352
824,3882077.1431,-1739802.7404,904.809344811938,1816.31555633999,0.498007409271393
825,3892077.1431,-1739802.7404,924.350687253137,1800.36599081521,0.513244023827819
826,3902077.1431,-1739802.7404,939.531918118149,1775.29642882166,0.529189290659607
827,3912077.1431,-1739802.7404,1012.04591337651,1696.37309783656,0.599278982875509
828,3922077.1431,-1739802.7404,1133.24222319667,1554.78721653059,0.729603841133475
829,3932077.1431,-1739802.7404,1117.73510641223,1549.26952313969,0.721495749059253
830,3942077.1431,-1739802.7404,1061.04195282097,1623.56929353765,0.65362170765826
831,3952077.1431,-1739802.7404,1077.50902479715,1661.17962557627,0.648561848862511
832,3962077.1431,-1739802.7404,1076.90578927956,1645.36122218669,0.654364768430877
833,3842077.1431,-1749802.7404,1077.66246370059,1637.67181915251,0.658641014474156
834,3852077.1431,-1749802.7404,974.057193213607,1760.70878841976,0.554003474071206
835,3862077.1431,-1749802.7404,930.801902959788,1819.17599081521,0.511971110747057
836,3872077.1431,-1749802.7404,859.34401238758,1829.3312221816,0.469597051323605
837,3882077.1431,-1749802.7404,887.228672494877,1810.11973860659,0.489989753975506
838,3892077.1431,-1749802.7404,908.130826286313,1791.26406216616,0.506829289131346
839,3902077.1431,-1749802.7404,940.062853565417,1751.86765806829,0.536841244209131
840,3912077.1431,-1749802.7404,1052.37660062962,1601.70163899551,0.658373089580984
841,3922077.1431,-1749802.7404,1109.29183596946,1548.31509714099,0.7162605201987
842,3932077.1431,-1749802.7404,1066.61313140955,1582.88439067864,0.673839957745097
843,3942077.1431,-1749802.7404,1055.6382879052,1643.43411515516,0.642189001211925
844,3952077.1431,-1749802.7404,1074.95611917762,1685.77434475467,0.637456810860702
845,3962077.1431,-1749802.7404,1112.33075446562,1685.60351819188,0.659735230200221
846,3972077.1431,-1749802.7404,1136.7308961364,1642.72970682031,0.691780765588401
847,3982077.1431,-1749802.7404,1192.08917152067,1628.23584599353,0.731893167285169
848,3842077.1431,-1759802.7404,1020.20200223741,1717.77473684478,0.595089937480543
849,3852077.1431,-1759802.7404,913.776848379408,1823.18543624211,0.501166633302251
850,3862077.1431,-1759802.7404,882.479726764174,1811.37923701995,0.487174939941598
851,3872077.1431,-1759802.7404,855.940717125434,1814.24548216099,0.471714286743101
852,3882077.1431,-1759802.7404,894.176570757503,1790.85383962915,0.499219493631975
853,3892077.1431,-1759802.7404,906.302369920398,1759.97657010956,0.514917771223915
854,3902077.1431,-1759802.7404,936.306325423295,1716.21944188548,0.545829216945957
855,3912077.1431,-1759802.7404,1078.25138505642,1585.45268102519,0.680957406965409
856,3922077.1431,-1759802.7404,1063.93331019821,1571.91594489632,0.676765892062098
857,3932077.1431,-1759802.7404,1048.01926793851,1626.29511480229,0.644312126154024
858,3942077.1431,-1759802.7404,1066.96986601961,1660.01304132903,0.642542676098986
859,3952077.1431,-1759802.7404,1088.42412177072,1687.16940303672,0.644871054713331
860,3962077.1431,-1759802.7404,1134.92866766437,1689.74939597169,0.67141522871027
861,3972077.1431,-1759802.7404,1200.50855608815,1674.27371246877,0.716834871113851
862,3982077.1431,-1759802.7404,1247.01139230229,1657.47598021893,0.752513060195057
863,3832077.1431,-1769802.7404,1006.4161534356,1638.07695514736,0.615620253846783
864,3842077.1431,-1769802.7404,975.67956049634,1747.74858001026,0.559186010997106
865,3852077.1431,-1769802.7404,868.643595510432,1828.25947721572,0.475082947904127
866,3862077.1431,-1769802.7404,831.901523422864,1824.66605439794,0.455760266390122
867,3872077.1431,-1769802.7404,855.692141270517,1805.8900565177,0.473752330843458
868,3882077.1431,-1769802.7404,900.157327416082,1752.443493463,0.513607144785007
869,3892077.1431,-1769802.7404,942.658749813001,1680.41812785849,0.562771444810018
870,3902077.1431,-1769802.7404,1003.92478487142,1628.48006357256,0.61855493757355
871,3912077.1431,-1769802.7404,1155.32558303364,1518.21035676496,0.761890641229605
872,3922077.1431,-1769802.7404,1068.90534999831,1577.40874249325,0.678267936605149
873,3932077.1431,-1769802.7404,1039.02776428232,1646.67975627044,0.630754927627485
874,3942077.1431,-1769802.7404,1070.56303740694,1669.64813846748,0.640943269565119
875,3952077.1431,-1769802.7404,1122.55466538252,1675.1849240541,0.669906062990538
876,3962077.1431,-1769802.7404,1167.64394342665,1672.84793358922,0.697870639481144
877,3972077.1431,-1769802.7404,1251.25359903705,1666.40054396411,0.751919158494766
878,3982077.1431,-1769802.7404,1293.93740276366,1654.28270928277,0.782675716770831
879,3822077.1431,-1779802.7404,885.97903928855,1790.54020134701,0.495004407589607
880,3832077.1431,-1779802.7404,931.408451090711,1725.6035570559,0.540758579266827
881,3842077.1431,-1779802.7404,922.407637547654,1781.27077710757,0.517924466841287
882,3852077.1431,-1779802.7404,863.873932876506,1818.49645707924,0.474944753785286
883,3862077.1431,-1779802.7404,805.211994991738,1826.81711409401,0.440638694175007
884,3872077.1431,-1779802.7404,825.321506071423,1812.13388555312,0.455381853027156
885,3882077.1431,-1779802.7404,877.39207933311,1728.20743553382,0.508175737802757
886,3892077.1431,-1779802.7404,1018.71227788828,1555.48579300453,0.656266160603611
887,3902077.1431,-1779802.7404,1136.89246414508,1528.406527727,0.744449287841434
888,3912077.1431,-1779802.7404,1139.06602978329,1524.31105969607,0.747131309855448
889,3922077.1431,-1779802.7404,1091.1707371144,1570.03741786998,0.695582772712807
890,3932077.1431,-1779802.7404,1041.65259307287,1652.33711056022,0.630199758815831
891,3942077.1431,-1779802.7404,1105.40524852753,1673.95287177339,0.660266121380783
892,3952077.1431,-1779802.7404,1193.13574294518,1660.97020839678,0.718875518487519
893,3962077.1431,-1779802.7404,1264.80033672946,1633.24987988431,0.77632905807395
894,3972077.1431,-1779802.7404,1437.95755959266,1517.61458140394,0.958298545733885
895,3982077.1431,-1779802.7404,1433.9081444862,1575.13943482554,0.913195916630548
896,3822077.1431,-1789802.7404,813.071444134107,1840.97179088476,0.441658185340395
897,3832077.1431,-1789802.7404,837.941520785197,1822.49411515516,0.459846953479545
898,3842077.1431,-1789802.7404,890.780888001298,1749.9468880283,0.50909590016562
899,3852077.1431,-1789802.7404,841.195074347146,1785.15016955056,0.471361121890307
900,3862077.1431,-1789802.7404,797.638062115297,1826.52990815715,0.436556612025907
901,3872077.1431,-1789802.7404,801.60918601219,1815.24379724405,0.44162109855502
902,3882077.1431,-1789802.7404,864.128295150818,1714.50268809785,0.505202108248712
903,3892077.1431,-1789802.7404,1012.80145884765,1540.2105687057,0.657990008127363
904,3902077.1431,-1789802.7404,1159.10153352822,1510.18595196135,0.767376718845846
905,3912077.1431,-1789802.7404,1142.37707483623,1522.73600494527,0.750093317775418
906,3922077.1431,-1789802.7404,1115.23110654565,1531.52591310496,0.728452879847277
907,3932077.1431,-1789802.7404,1047.07797799613,1635.7599293497,0.640077097756398
908,3942077.1431,-1789802.7404,1177.26521404706,1635.8261886208,0.7205349616575
909,3952077.1431,-1789802.7404,1376.20366602706,1549.65671493632,0.893652477966082
910,3962077.1431,-1789802.7404,1574.21119660666,1445.56819496483,1.10454146275032
911,3972077.1431,-1789802.7404,1664.95657603257,1343.02316495562,1.25105681181192
912,3982077.1431,-1789802.7404,1537.65045488468,1539.93685976309,0.999916956400922
913,3822077.1431,-1799802.7404,807.082084386018,1820.52620981843,0.443195774849178
914,3832077.1431,-1799802.7404,784.988183797087,1837.50545036708,0.427142754957106
915,3842077.1431,-1799802.7404,831.062481274205,1781.12932179522,0.46717246804958
916,3852077.1431,-1799802.7404,824.120436643808,1776.55916990597,0.464020637068079
917,3862077.1431,-1799802.7404,811.86506204855,1798.79911338573,0.451304207340036
918,3872077.1431,-1799802.7404,785.05318851641,1807.0392935351,0.434366394536448
919,3882077.1431,-1799802.7404,839.29050846438,1734.88161427426,0.484565879764438
920,3892077.1431,-1799802.7404,975.098238043827,1563.79244790208,0.624843621570283
921,3902077.1431,-1799802.7404,1166.34847679924,1519.77035323118,0.767229135925155
922,3912077.1431,-1799802.7404,1212.63443937024,1523.38607559303,0.795715198774434
923,3922077.1431,-1799802.7404,1090.00835270264,1531.74005298391,0.711752164782764
924,3932077.1431,-1799802.7404,1107.87220651247,1591.77956905095,0.696168036954329
925,3942077.1431,-1799802.7404,1295.0673381885,1579.87992228721,0.820833194718039
926,3952077.1431,-1799802.7404,1556.75473984044,1493.25492759297,1.05270568784369
927,3962077.1431,-1799802.7404,1677.02400272633,1245.36100673504,1.35131501915949
928,3972077.1431,-1799802.7404,1727.47266270048,1309.18517133779,1.32555421407216
929,3982077.1431,-1799802.7404,1679.37981441031,1499.08556340502,1.12533872120475
930,3832077.1431,-1809802.7404,815.554245645479,1795.92646767806,0.454044411301958
931,3842077.1431,-1809802.7404,810.321913065363,1789.64835040567,0.452754750011752
932,3852077.1431,-1809802.7404,809.783687319867,1790.33769692469,0.452293749920629
933,3862077.1431,-1809802.7404,813.470622678221,1779.6559554926,0.457003433730266
934,3872077.1431,-1809802.7404,772.592362230087,1798.88715648165,0.429353305881875
935,3882077.1431,-1809802.7404,800.074615299062,1775.18042034769,0.450890282596529
936,3892077.1431,-1809802.7404,941.998354228158,1608.83624162251,0.589139419933953
937,3902077.1431,-1809802.7404,1227.18171625787,1511.53659131482,0.812303943909113
938,3912077.1431,-1809802.7404,1238.92054294482,1538.32506888087,0.805259753160304
939,3922077.1431,-1809802.7404,1150.9674293315,1522.19441893367,0.75586936255554
940,3932077.1431,-1809802.7404,1207.04330295238,1527.50785941276,0.790155089156076
941,3942077.1431,-1809802.7404,1420.97716861605,1562.01612151445,0.909355164081296
942,3952077.1431,-1809802.7404,1622.81369939577,1554.59356411585,1.04519514062437
943,3962077.1431,-1809802.7404,1718.86105932188,1502.2034122266,1.14598055106874
944,3972077.1431,-1809802.7404,1756.65668474894,1528.240512188,1.15064931018878
945,3982077.1431,-1809802.7404,1770.60403984444,1498.43454609913,1.18298955373843
946,3832077.1431,-1819802.7404,812.472808757122,1783.42263864518,0.455427589725363
947,3842077.1431,-1819802.7404,794.318771550263,1784.08955492851,0.445134429156145
948,3852077.1431,-1819802.7404,804.286195828779,1767.10244789953,0.455082382807692
949,3862077.1431,-1819802.7404,786.378786486377,1777.98265983773,0.442239785847993
950,3872077.1431,-1819802.7404,762.88715873311,1797.02447191758,0.424387889937726
951,3882077.1431,-1819802.7404,783.907764059915,1790.53656658086,0.437709980417204
952,3892077.1431,-1819802.7404,832.923039377488,1736.62691628587,0.480620931027917
953,3902077.1431,-1819802.7404,1072.67764962349,1560.16726245711,0.691050593917098
954,3912077.1431,-1819802.7404,1155.41445672154,1543.89613210564,0.748118995671958
955,3922077.1431,-1819802.7404,1159.69850864232,1527.1164111629,0.759206147392356
956,3932077.1431,-1819802.7404,1244.33612620091,1520.18824444293,0.818402383611706
957,3952077.1431,-1819802.7404,1560.69926310777,1600.04682444302,0.975493529587891
958,3832077.1431,-1829802.7404,781.164181070559,1800.89481808627,0.433655462604817
959,3842077.1431,-1829802.7404,765.930466516049,1794.09480395621,0.426778254932244
960,3852077.1431,-1829802.7404,769.174285401008,1780.34436594721,0.431900647098465
961,3862077.1431,-1829802.7404,767.387290520532,1779.09178028595,0.431240905708699
962,3872077.1431,-1829802.7404,750.862084608361,1790.84885199232,0.419145198763207
963,3882077.1431,-1829802.7404,747.725126623476,1754.71445425882,0.425981706138124
964,3892077.1431,-1829802.7404,775.062957673558,1756.32874602449,0.441157327042201
965,3902077.1431,-1829802.7404,979.785212490612,1623.92142706494,0.609626768485208
966,3912077.1431,-1829802.7404,1179.01759515424,1510.88375132771,0.780241454308137
967,3922077.1431,-1829802.7404,1151.64802719023,1536.09507241465,0.750101939656057
968,3852077.1431,-1839802.7404,776.230243141299,1767.38381843914,0.439111961720085
969,3862077.1431,-1839802.7404,802.251250631563,1739.04346167418,0.461299089629236
970,3872077.1431,-1839802.7404,794.115315295487,1752.94361002965,0.453045213715537
971,3882077.1431,-1839802.7404,761.041856180855,1780.16892617387,0.427372121758868
972,3892077.1431,-1839802.7404,749.923069472139,1739.01720946811,0.431106752377883
973,3902077.1431,-1839802.7404,818.04905422464,1703.54118332775,0.48107581858893
974,3912077.1431,-1839802.7404,1104.9957877228,1547.83793007069,0.716154362151215
975,3922077.1431,-1839802.7404,1127.35209074236,1562.49254681504,0.723085308478922
976,3852077.1431,-1849802.7404,769.809059499855,1772.31253267481,0.434257466344929
977,3862077.1431,-1849802.7404,803.879310109209,1737.98706817513,0.462564725592796
978,3872077.1431,-1849802.7404,821.721411846592,1729.79249381842,0.474919916854777
979,3882077.1431,-1849802.7404,778.8937196074,1773.65955492851,0.43913430567433
980,3892077.1431,-1849802.7404,749.359920711323,1756.06541151831,0.426596396387326
981,3902077.1431,-1849802.7404,753.643228271891,1707.50777464002,0.441236253995157
982,3912077.1431,-1849802.7404,863.217500707208,1663.85548569732,0.520744553915971
983,3922077.1431,-1849802.7404,936.226376587965,1691.19399859106,0.554620557682405
984,3862077.1431,-1859802.7404,791.985833643187,1752.97915224467,0.451757210387172
985,3872077.1431,-1859802.7404,810.381034724917,1729.80761215195,0.468434762245475
986,3882077.1431,-1859802.7404,780.58866766448,1782.42898622027,0.437858488477898
987,3892077.1431,-1859802.7404,770.553697425513,1787.06861532778,0.431074464228287
988,3902077.1431,-1859802.7404,751.746449298098,1730.59584952477,0.434292736038025
989,3912077.1431,-1859802.7404,769.475821344669,1699.4388908538,0.452587822676114
990,3922077.1431,-1859802.7404,833.061972587385,1734.01437301224,0.480236677845057
991,3872077.1431,-1869802.7404,807.542962726363,1738.49389968318,0.464354985446892
992,3882077.1431,-1869802.7404,811.504255751112,1742.32192158147,0.465817685503804
993,3892077.1431,-1869802.7404,798.763288016373,1758.84537618808,0.454130941041987
994,3902077.1431,-1869802.7404,782.252010150123,1747.05212998588,0.447647704840114
995,3912077.1431,-1869802.7404,771.870389864895,1726.89519251254,0.446834699143537
996,3882077.1431,-1879802.7404,840.681503656148,1731.60897209529,0.485346570767482
997,3892077.1431,-1879802.7404,829.946719674052,1714.63930060013,0.483852554751254
998,3902077.1431,-1879802.7404,822.498935625171,1708.909925821,0.481162200752906
999,3912077.1431,-1879802.7404,824.91948187457,1737.17561638639,0.474912145129929
1000,3892077.1431,-1889802.7404,842.328908168152,1710.81446132131,0.492183890941516
1001,3902077.1431,-1889802.7404,848.010454217478,1706.0663546452,0.496887297389275
1002,3912077.1431,-1889802.7404,911.904417188372,1697.93606146042,0.537111509925886
1003,3922077.1431,-1889802.7404,855.175948079418,1735.79211585836,0.492562558002083
1004,3902077.1431,-1899802.7404,870.307126667891,1707.82298127754,0.509440666601835
1005,3912077.1431,-1899802.7404,968.325556021399,1676.01974920286,0.577883209102249
1006,3922077.1431,-1899802.7404,889.103347538596,1715.94579653577,0.518206409373605
1007,3922077.1431,-1909802.7404,912.500421485483,1689.06098551961,0.541084107238073
1008,3912077.1431,-1919802.7404,986.306632250123,1637.86388908945,0.603161546082779
1009,3922077.1431,-1919802.7404,850.183081770865,1711.85975980168,0.496665281813829
1010,3912077.1431,-1929802.7404,896.54926530095,1685.11169551575,0.532482347782807
1011,3922077.1431,-1929802.7404,829.02355070203,1706.79055457564,0.485527065486478
